station_id,hour,n_jump,n_obs,log_exposure
1921,0,12,913,6.816735880594968
1921,1,4,713,6.569481420414296
1921,2,4,698,6.548219102762372
1921,3,2,514,6.2422232654551655
1921,4,0,252,5.529429087511423
1921,5,2,75,4.31748811353631
1921,6,0,59,4.07753744390572
1921,7,0,24,3.1780538303479458
1921,8,0,50,3.912023005428146
1921,9,8,103,4.634728988229636
1921,10,7,318,5.762051382780177
1921,11,14,611,6.415096959171596
1921,12,33,986,6.893656354602635
1921,13,44,1221,7.107425474110705
1921,14,34,1088,6.992096427415888
1921,15,37,1026,6.933423025730715
1921,16,22,939,6.844815479208263
1921,17,38,747,6.616065185132817
1921,18,52,738,6.6039438246004725
1921,19,19,592,6.3835066348840055
1921,20,11,513,6.240275845170769
1921,21,8,526,6.26530121273771
1921,22,24,1059,6.9650803456014065
1921,23,16,1035,6.942156705699469
1923,0,2,913,6.816735880594968
1923,1,1,713,6.569481420414296
1923,2,0,698,6.548219102762372
1923,3,0,514,6.2422232654551655
1923,4,0,252,5.529429087511423
1923,5,0,75,4.31748811353631
1923,6,0,59,4.07753744390572
1923,7,0,24,3.1780538303479458
1923,8,6,50,3.912023005428146
1923,9,1,103,4.634728988229636
1923,10,9,318,5.762051382780177
1923,11,7,611,6.415096959171596
1923,12,13,986,6.893656354602635
1923,13,18,1221,7.107425474110705
1923,14,14,1088,6.992096427415888
1923,15,19,1026,6.933423025730715
1923,16,26,939,6.844815479208263
1923,17,29,747,6.616065185132817
1923,18,45,738,6.6039438246004725
1923,19,6,592,6.3835066348840055
1923,20,5,513,6.240275845170769
1923,21,7,526,6.26530121273771
1923,22,5,1059,6.9650803456014065
1923,23,4,1035,6.942156705699469
1924,0,5,913,6.816735880594968
1924,1,0,713,6.569481420414296
1924,2,1,698,6.548219102762372
1924,3,4,514,6.2422232654551655
1924,4,0,252,5.529429087511423
1924,5,0,75,4.31748811353631
1924,6,0,59,4.07753744390572
1924,7,0,24,3.1780538303479458
1924,8,0,50,3.912023005428146
1924,9,2,103,4.634728988229636
1924,10,8,318,5.762051382780177
1924,11,7,611,6.415096959171596
1924,12,15,986,6.893656354602635
1924,13,23,1221,7.107425474110705
1924,14,12,1088,6.992096427415888
1924,15,8,1026,6.933423025730715
1924,16,16,939,6.844815479208263
1924,17,23,747,6.616065185132817
1924,18,20,738,6.6039438246004725
1924,19,11,592,6.3835066348840055
1924,20,13,513,6.240275845170769
1924,21,2,526,6.26530121273771
1924,22,11,1059,6.9650803456014065
1924,23,7,1035,6.942156705699469
1925,0,12,913,6.816735880594968
1925,1,18,713,6.569481420414296
1925,2,11,698,6.548219102762372
1925,3,5,514,6.2422232654551655
1925,4,0,252,5.529429087511423
1925,5,0,75,4.31748811353631
1925,6,0,59,4.07753744390572
1925,7,0,24,3.1780538303479458
1925,8,2,50,3.912023005428146
1925,9,6,103,4.634728988229636
1925,10,12,318,5.762051382780177
1925,11,23,611,6.415096959171596
1925,12,39,986,6.893656354602635
1925,13,33,1221,7.107425474110705
1925,14,38,1088,6.992096427415888
1925,15,35,1026,6.933423025730715
1925,16,34,939,6.844815479208263
1925,17,28,747,6.616065185132817
1925,18,20,738,6.6039438246004725
1925,19,6,592,6.3835066348840055
1925,20,3,513,6.240275845170769
1925,21,2,526,6.26530121273771
1925,22,7,1059,6.9650803456014065
1925,23,13,1035,6.942156705699469
1926,0,1,913,6.816735880594968
1926,1,3,713,6.569481420414296
1926,2,1,698,6.548219102762372
1926,3,0,514,6.2422232654551655
1926,4,0,252,5.529429087511423
1926,5,0,75,4.31748811353631
1926,6,0,59,4.07753744390572
1926,7,0,24,3.1780538303479458
1926,8,0,50,3.912023005428146
1926,9,0,103,4.634728988229636
1926,10,1,318,5.762051382780177
1926,11,7,611,6.415096959171596
1926,12,8,986,6.893656354602635
1926,13,17,1221,7.107425474110705
1926,14,9,1088,6.992096427415888
1926,15,9,1026,6.933423025730715
1926,16,17,939,6.844815479208263
1926,17,4,747,6.616065185132817
1926,18,10,738,6.6039438246004725
1926,19,9,592,6.3835066348840055
1926,20,5,513,6.240275845170769
1926,21,6,526,6.26530121273771
1926,22,10,1059,6.9650803456014065
1926,23,6,1035,6.942156705699469
1927,0,5,913,6.816735880594968
1927,1,3,713,6.569481420414296
1927,2,5,698,6.548219102762372
1927,3,1,514,6.2422232654551655
1927,4,1,252,5.529429087511423
1927,5,2,75,4.31748811353631
1927,6,0,59,4.07753744390572
1927,7,0,24,3.1780538303479458
1927,8,0,50,3.912023005428146
1927,9,2,103,4.634728988229636
1927,10,2,318,5.762051382780177
1927,11,4,611,6.415096959171596
1927,12,27,986,6.893656354602635
1927,13,29,1221,7.107425474110705
1927,14,26,1088,6.992096427415888
1927,15,18,1026,6.933423025730715
1927,16,27,939,6.844815479208263
1927,17,21,747,6.616065185132817
1927,18,18,738,6.6039438246004725
1927,19,25,592,6.3835066348840055
1927,20,10,513,6.240275845170769
1927,21,2,526,6.26530121273771
1927,22,12,1059,6.9650803456014065
1927,23,4,1035,6.942156705699469
1929,0,2,913,6.816735880594968
1929,1,0,713,6.569481420414296
1929,2,0,698,6.548219102762372
1929,3,1,514,6.2422232654551655
1929,4,0,252,5.529429087511423
1929,5,0,75,4.31748811353631
1929,6,0,59,4.07753744390572
1929,7,0,24,3.1780538303479458
1929,8,0,50,3.912023005428146
1929,9,1,103,4.634728988229636
1929,10,2,318,5.762051382780177
1929,11,6,611,6.415096959171596
1929,12,11,986,6.893656354602635
1929,13,12,1221,7.107425474110705
1929,14,5,1088,6.992096427415888
1929,15,8,1026,6.933423025730715
1929,16,11,939,6.844815479208263
1929,17,2,747,6.616065185132817
1929,18,6,738,6.6039438246004725
1929,19,4,592,6.3835066348840055
1929,20,1,513,6.240275845170769
1929,21,3,526,6.26530121273771
1929,22,1,1059,6.9650803456014065
1929,23,1,1035,6.942156705699469
1930,0,4,913,6.816735880594968
1930,1,2,713,6.569481420414296
1930,2,0,698,6.548219102762372
1930,3,0,514,6.2422232654551655
1930,4,0,252,5.529429087511423
1930,5,0,75,4.31748811353631
1930,6,0,59,4.07753744390572
1930,7,0,24,3.1780538303479458
1930,8,1,50,3.912023005428146
1930,9,5,103,4.634728988229636
1930,10,12,318,5.762051382780177
1930,11,25,611,6.415096959171596
1930,12,20,986,6.893656354602635
1930,13,24,1221,7.107425474110705
1930,14,19,1088,6.992096427415888
1930,15,20,1026,6.933423025730715
1930,16,30,939,6.844815479208263
1930,17,25,747,6.616065185132817
1930,18,24,738,6.6039438246004725
1930,19,7,592,6.3835066348840055
1930,20,4,513,6.240275845170769
1930,21,2,526,6.26530121273771
1930,22,6,1059,6.9650803456014065
1930,23,5,1035,6.942156705699469
1931,0,3,913,6.816735880594968
1931,1,2,713,6.569481420414296
1931,2,0,698,6.548219102762372
1931,3,0,514,6.2422232654551655
1931,4,0,252,5.529429087511423
1931,5,0,75,4.31748811353631
1931,6,0,59,4.07753744390572
1931,7,0,24,3.1780538303479458
1931,8,1,50,3.912023005428146
1931,9,1,103,4.634728988229636
1931,10,4,318,5.762051382780177
1931,11,10,611,6.415096959171596
1931,12,9,986,6.893656354602635
1931,13,19,1221,7.107425474110705
1931,14,7,1088,6.992096427415888
1931,15,11,1026,6.933423025730715
1931,16,14,939,6.844815479208263
1931,17,5,747,6.616065185132817
1931,18,11,738,6.6039438246004725
1931,19,8,592,6.3835066348840055
1931,20,3,513,6.240275845170769
1931,21,3,526,6.26530121273771
1931,22,6,1059,6.9650803456014065
1931,23,0,1035,6.942156705699469
1932,0,5,913,6.816735880594968
1932,1,4,713,6.569481420414296
1932,2,3,698,6.548219102762372
1932,3,0,514,6.2422232654551655
1932,4,0,252,5.529429087511423
1932,5,0,75,4.31748811353631
1932,6,0,59,4.07753744390572
1932,7,0,24,3.1780538303479458
1932,8,0,50,3.912023005428146
1932,9,0,103,4.634728988229636
1932,10,1,318,5.762051382780177
1932,11,4,611,6.415096959171596
1932,12,9,986,6.893656354602635
1932,13,15,1221,7.107425474110705
1932,14,12,1088,6.992096427415888
1932,15,13,1026,6.933423025730715
1932,16,6,939,6.844815479208263
1932,17,6,747,6.616065185132817
1932,18,8,738,6.6039438246004725
1932,19,6,592,6.3835066348840055
1932,20,3,513,6.240275845170769
1932,21,3,526,6.26530121273771
1932,22,7,1059,6.9650803456014065
1932,23,4,1035,6.942156705699469
1933,0,3,913,6.816735880594968
1933,1,1,713,6.569481420414296
1933,2,0,698,6.548219102762372
1933,3,0,514,6.2422232654551655
1933,4,0,252,5.529429087511423
1933,5,0,75,4.31748811353631
1933,6,0,59,4.07753744390572
1933,7,0,24,3.1780538303479458
1933,8,0,50,3.912023005428146
1933,9,2,103,4.634728988229636
1933,10,0,318,5.762051382780177
1933,11,8,611,6.415096959171596
1933,12,12,986,6.893656354602635
1933,13,20,1221,7.107425474110705
1933,14,21,1088,6.992096427415888
1933,15,11,1026,6.933423025730715
1933,16,6,939,6.844815479208263
1933,17,17,747,6.616065185132817
1933,18,19,738,6.6039438246004725
1933,19,5,592,6.3835066348840055
1933,20,2,513,6.240275845170769
1933,21,1,526,6.26530121273771
1933,22,3,1059,6.9650803456014065
1933,23,4,1035,6.942156705699469
1934,0,6,913,6.816735880594968
1934,1,0,713,6.569481420414296
1934,2,1,698,6.548219102762372
1934,3,0,514,6.2422232654551655
1934,4,0,252,5.529429087511423
1934,5,0,75,4.31748811353631
1934,6,0,59,4.07753744390572
1934,7,0,24,3.1780538303479458
1934,8,2,50,3.912023005428146
1934,9,1,103,4.634728988229636
1934,10,2,318,5.762051382780177
1934,11,7,611,6.415096959171596
1934,12,10,986,6.893656354602635
1934,13,21,1221,7.107425474110705
1934,14,14,1088,6.992096427415888
1934,15,18,1026,6.933423025730715
1934,16,15,939,6.844815479208263
1934,17,13,747,6.616065185132817
1934,18,6,738,6.6039438246004725
1934,19,5,592,6.3835066348840055
1934,20,6,513,6.240275845170769
1934,21,3,526,6.26530121273771
1934,22,3,1059,6.9650803456014065
1934,23,0,1035,6.942156705699469
1935,0,7,913,6.816735880594968
1935,1,2,713,6.569481420414296
1935,2,2,698,6.548219102762372
1935,3,1,514,6.2422232654551655
1935,4,2,252,5.529429087511423
1935,5,0,75,4.31748811353631
1935,6,1,59,4.07753744390572
1935,7,0,24,3.1780538303479458
1935,8,0,50,3.912023005428146
1935,9,1,103,4.634728988229636
1935,10,5,318,5.762051382780177
1935,11,6,611,6.415096959171596
1935,12,15,986,6.893656354602635
1935,13,25,1221,7.107425474110705
1935,14,22,1088,6.992096427415888
1935,15,12,1026,6.933423025730715
1935,16,20,939,6.844815479208263
1935,17,9,747,6.616065185132817
1935,18,20,738,6.6039438246004725
1935,19,10,592,6.3835066348840055
1935,20,8,513,6.240275845170769
1935,21,4,526,6.26530121273771
1935,22,6,1059,6.9650803456014065
1935,23,9,1035,6.942156705699469
1936,0,12,913,6.816735880594968
1936,1,6,713,6.569481420414296
1936,2,4,698,6.548219102762372
1936,3,2,514,6.2422232654551655
1936,4,8,252,5.529429087511423
1936,5,0,75,4.31748811353631
1936,6,0,59,4.07753744390572
1936,7,1,24,3.1780538303479458
1936,8,0,50,3.912023005428146
1936,9,2,103,4.634728988229636
1936,10,3,318,5.762051382780177
1936,11,13,611,6.415096959171596
1936,12,23,986,6.893656354602635
1936,13,25,1221,7.107425474110705
1936,14,35,1088,6.992096427415888
1936,15,25,1026,6.933423025730715
1936,16,21,939,6.844815479208263
1936,17,27,747,6.616065185132817
1936,18,43,738,6.6039438246004725
1936,19,21,592,6.3835066348840055
1936,20,14,513,6.240275845170769
1936,21,9,526,6.26530121273771
1936,22,16,1059,6.9650803456014065
1936,23,11,1035,6.942156705699469
1937,0,3,913,6.816735880594968
1937,1,2,713,6.569481420414296
1937,2,0,698,6.548219102762372
1937,3,1,514,6.2422232654551655
1937,4,2,252,5.529429087511423
1937,5,2,75,4.31748811353631
1937,6,0,59,4.07753744390572
1937,7,0,24,3.1780538303479458
1937,8,0,50,3.912023005428146
1937,9,3,103,4.634728988229636
1937,10,1,318,5.762051382780177
1937,11,3,611,6.415096959171596
1937,12,9,986,6.893656354602635
1937,13,14,1221,7.107425474110705
1937,14,7,1088,6.992096427415888
1937,15,10,1026,6.933423025730715
1937,16,12,939,6.844815479208263
1937,17,11,747,6.616065185132817
1937,18,20,738,6.6039438246004725
1937,19,10,592,6.3835066348840055
1937,20,5,513,6.240275845170769
1937,21,6,526,6.26530121273771
1937,22,10,1059,6.9650803456014065
1937,23,14,1035,6.942156705699469
1938,0,7,913,6.816735880594968
1938,1,6,713,6.569481420414296
1938,2,3,698,6.548219102762372
1938,3,3,514,6.2422232654551655
1938,4,1,252,5.529429087511423
1938,5,1,75,4.31748811353631
1938,6,1,59,4.07753744390572
1938,7,0,24,3.1780538303479458
1938,8,0,50,3.912023005428146
1938,9,0,103,4.634728988229636
1938,10,0,318,5.762051382780177
1938,11,9,611,6.415096959171596
1938,12,12,986,6.893656354602635
1938,13,15,1221,7.107425474110705
1938,14,10,1088,6.992096427415888
1938,15,10,1026,6.933423025730715
1938,16,14,939,6.844815479208263
1938,17,7,747,6.616065185132817
1938,18,9,738,6.6039438246004725
1938,19,6,592,6.3835066348840055
1938,20,3,513,6.240275845170769
1938,21,3,526,6.26530121273771
1938,22,9,1059,6.9650803456014065
1938,23,3,1035,6.942156705699469
1940,0,0,913,6.816735880594968
1940,1,1,713,6.569481420414296
1940,2,0,698,6.548219102762372
1940,3,0,514,6.2422232654551655
1940,4,0,252,5.529429087511423
1940,5,0,75,4.31748811353631
1940,6,1,59,4.07753744390572
1940,7,0,24,3.1780538303479458
1940,8,0,50,3.912023005428146
1940,9,1,103,4.634728988229636
1940,10,2,318,5.762051382780177
1940,11,4,611,6.415096959171596
1940,12,5,986,6.893656354602635
1940,13,12,1221,7.107425474110705
1940,14,6,1088,6.992096427415888
1940,15,5,1026,6.933423025730715
1940,16,7,939,6.844815479208263
1940,17,2,747,6.616065185132817
1940,18,13,738,6.6039438246004725
1940,19,6,592,6.3835066348840055
1940,20,2,513,6.240275845170769
1940,21,1,526,6.26530121273771
1940,22,2,1059,6.9650803456014065
1940,23,1,1035,6.942156705699469
1941,0,10,913,6.816735880594968
1941,1,10,713,6.569481420414296
1941,2,2,698,6.548219102762372
1941,3,7,514,6.2422232654551655
1941,4,2,252,5.529429087511423
1941,5,0,75,4.31748811353631
1941,6,0,59,4.07753744390572
1941,7,0,24,3.1780538303479458
1941,8,1,50,3.912023005428146
1941,9,6,103,4.634728988229636
1941,10,18,318,5.762051382780177
1941,11,22,611,6.415096959171596
1941,12,31,986,6.893656354602635
1941,13,41,1221,7.107425474110705
1941,14,40,1088,6.992096427415888
1941,15,17,1026,6.933423025730715
1941,16,30,939,6.844815479208263
1941,17,14,747,6.616065185132817
1941,18,9,738,6.6039438246004725
1941,19,9,592,6.3835066348840055
1941,20,4,513,6.240275845170769
1941,21,6,526,6.26530121273771
1941,22,11,1059,6.9650803456014065
1941,23,5,1035,6.942156705699469
1943,0,13,913,6.816735880594968
1943,1,5,713,6.569481420414296
1943,2,8,698,6.548219102762372
1943,3,2,514,6.2422232654551655
1943,4,0,252,5.529429087511423
1943,5,1,75,4.31748811353631
1943,6,0,59,4.07753744390572
1943,7,0,24,3.1780538303479458
1943,8,0,50,3.912023005428146
1943,9,1,103,4.634728988229636
1943,10,6,318,5.762051382780177
1943,11,6,611,6.415096959171596
1943,12,13,986,6.893656354602635
1943,13,16,1221,7.107425474110705
1943,14,17,1088,6.992096427415888
1943,15,12,1026,6.933423025730715
1943,16,10,939,6.844815479208263
1943,17,11,747,6.616065185132817
1943,18,18,738,6.6039438246004725
1943,19,9,592,6.3835066348840055
1943,20,11,513,6.240275845170769
1943,21,4,526,6.26530121273771
1943,22,10,1059,6.9650803456014065
1943,23,5,1035,6.942156705699469
1944,0,6,913,6.816735880594968
1944,1,3,713,6.569481420414296
1944,2,2,698,6.548219102762372
1944,3,0,514,6.2422232654551655
1944,4,1,252,5.529429087511423
1944,5,0,75,4.31748811353631
1944,6,0,59,4.07753744390572
1944,7,1,24,3.1780538303479458
1944,8,1,50,3.912023005428146
1944,9,2,103,4.634728988229636
1944,10,3,318,5.762051382780177
1944,11,6,611,6.415096959171596
1944,12,11,986,6.893656354602635
1944,13,10,1221,7.107425474110705
1944,14,15,1088,6.992096427415888
1944,15,17,1026,6.933423025730715
1944,16,13,939,6.844815479208263
1944,17,12,747,6.616065185132817
1944,18,15,738,6.6039438246004725
1944,19,12,592,6.3835066348840055
1944,20,5,513,6.240275845170769
1944,21,2,526,6.26530121273771
1944,22,8,1059,6.9650803456014065
1944,23,5,1035,6.942156705699469
1945,0,6,913,6.816735880594968
1945,1,2,713,6.569481420414296
1945,2,2,698,6.548219102762372
1945,3,6,514,6.2422232654551655
1945,4,0,252,5.529429087511423
1945,5,2,75,4.31748811353631
1945,6,0,59,4.07753744390572
1945,7,1,24,3.1780538303479458
1945,8,1,50,3.912023005428146
1945,9,4,103,4.634728988229636
1945,10,10,318,5.762051382780177
1945,11,13,611,6.415096959171596
1945,12,27,986,6.893656354602635
1945,13,36,1221,7.107425474110705
1945,14,31,1088,6.992096427415888
1945,15,44,1026,6.933423025730715
1945,16,45,939,6.844815479208263
1945,17,32,747,6.616065185132817
1945,18,52,738,6.6039438246004725
1945,19,19,592,6.3835066348840055
1945,20,13,513,6.240275845170769
1945,21,7,526,6.26530121273771
1945,22,24,1059,6.9650803456014065
1945,23,10,1035,6.942156705699469
1946,0,10,913,6.816735880594968
1946,1,4,713,6.569481420414296
1946,2,2,698,6.548219102762372
1946,3,5,514,6.2422232654551655
1946,4,0,252,5.529429087511423
1946,5,1,75,4.31748811353631
1946,6,1,59,4.07753744390572
1946,7,0,24,3.1780538303479458
1946,8,1,50,3.912023005428146
1946,9,4,103,4.634728988229636
1946,10,3,318,5.762051382780177
1946,11,10,611,6.415096959171596
1946,12,21,986,6.893656354602635
1946,13,23,1221,7.107425474110705
1946,14,14,1088,6.992096427415888
1946,15,15,1026,6.933423025730715
1946,16,15,939,6.844815479208263
1946,17,34,747,6.616065185132817
1946,18,35,738,6.6039438246004725
1946,19,28,592,6.3835066348840055
1946,20,11,513,6.240275845170769
1946,21,13,526,6.26530121273771
1946,22,5,1059,6.9650803456014065
1946,23,22,1035,6.942156705699469
1947,0,1,913,6.816735880594968
1947,1,5,713,6.569481420414296
1947,2,0,698,6.548219102762372
1947,3,3,514,6.2422232654551655
1947,4,0,252,5.529429087511423
1947,5,0,75,4.31748811353631
1947,6,0,59,4.07753744390572
1947,7,0,24,3.1780538303479458
1947,8,0,50,3.912023005428146
1947,9,0,103,4.634728988229636
1947,10,3,318,5.762051382780177
1947,11,10,611,6.415096959171596
1947,12,17,986,6.893656354602635
1947,13,19,1221,7.107425474110705
1947,14,6,1088,6.992096427415888
1947,15,12,1026,6.933423025730715
1947,16,13,939,6.844815479208263
1947,17,8,747,6.616065185132817
1947,18,17,738,6.6039438246004725
1947,19,8,592,6.3835066348840055
1947,20,10,513,6.240275845170769
1947,21,4,526,6.26530121273771
1947,22,10,1059,6.9650803456014065
1947,23,4,1035,6.942156705699469
1948,0,7,913,6.816735880594968
1948,1,5,713,6.569481420414296
1948,2,3,698,6.548219102762372
1948,3,6,514,6.2422232654551655
1948,4,6,252,5.529429087511423
1948,5,3,75,4.31748811353631
1948,6,0,59,4.07753744390572
1948,7,0,24,3.1780538303479458
1948,8,0,50,3.912023005428146
1948,9,1,103,4.634728988229636
1948,10,6,318,5.762051382780177
1948,11,12,611,6.415096959171596
1948,12,22,986,6.893656354602635
1948,13,20,1221,7.107425474110705
1948,14,28,1088,6.992096427415888
1948,15,21,1026,6.933423025730715
1948,16,20,939,6.844815479208263
1948,17,23,747,6.616065185132817
1948,18,22,738,6.6039438246004725
1948,19,21,592,6.3835066348840055
1948,20,11,513,6.240275845170769
1948,21,12,526,6.26530121273771
1948,22,16,1059,6.9650803456014065
1948,23,21,1035,6.942156705699469
1949,0,13,913,6.816735880594968
1949,1,4,713,6.569481420414296
1949,2,0,698,6.548219102762372
1949,3,1,514,6.2422232654551655
1949,4,0,252,5.529429087511423
1949,5,2,75,4.31748811353631
1949,6,0,59,4.07753744390572
1949,7,0,24,3.1780538303479458
1949,8,3,50,3.912023005428146
1949,9,3,103,4.634728988229636
1949,10,5,318,5.762051382780177
1949,11,18,611,6.415096959171596
1949,12,28,986,6.893656354602635
1949,13,26,1221,7.107425474110705
1949,14,12,1088,6.992096427415888
1949,15,26,1026,6.933423025730715
1949,16,19,939,6.844815479208263
1949,17,17,747,6.616065185132817
1949,18,17,738,6.6039438246004725
1949,19,8,592,6.3835066348840055
1949,20,5,513,6.240275845170769
1949,21,4,526,6.26530121273771
1949,22,6,1059,6.9650803456014065
1949,23,1,1035,6.942156705699469
1950,0,3,913,6.816735880594968
1950,1,1,713,6.569481420414296
1950,2,1,698,6.548219102762372
1950,3,0,514,6.2422232654551655
1950,4,1,252,5.529429087511423
1950,5,0,75,4.31748811353631
1950,6,0,59,4.07753744390572
1950,7,0,24,3.1780538303479458
1950,8,2,50,3.912023005428146
1950,9,3,103,4.634728988229636
1950,10,5,318,5.762051382780177
1950,11,6,611,6.415096959171596
1950,12,4,986,6.893656354602635
1950,13,14,1221,7.107425474110705
1950,14,9,1088,6.992096427415888
1950,15,9,1026,6.933423025730715
1950,16,14,939,6.844815479208263
1950,17,11,747,6.616065185132817
1950,18,18,738,6.6039438246004725
1950,19,13,592,6.3835066348840055
1950,20,2,513,6.240275845170769
1950,21,2,526,6.26530121273771
1950,22,8,1059,6.9650803456014065
1950,23,5,1035,6.942156705699469
1951,0,13,913,6.816735880594968
1951,1,6,713,6.569481420414296
1951,2,2,698,6.548219102762372
1951,3,2,514,6.2422232654551655
1951,4,1,252,5.529429087511423
1951,5,2,75,4.31748811353631
1951,6,0,59,4.07753744390572
1951,7,0,24,3.1780538303479458
1951,8,0,50,3.912023005428146
1951,9,5,103,4.634728988229636
1951,10,3,318,5.762051382780177
1951,11,3,611,6.415096959171596
1951,12,16,986,6.893656354602635
1951,13,12,1221,7.107425474110705
1951,14,6,1088,6.992096427415888
1951,15,11,1026,6.933423025730715
1951,16,10,939,6.844815479208263
1951,17,7,747,6.616065185132817
1951,18,13,738,6.6039438246004725
1951,19,11,592,6.3835066348840055
1951,20,7,513,6.240275845170769
1951,21,6,526,6.26530121273771
1951,22,21,1059,6.9650803456014065
1951,23,12,1035,6.942156705699469
1952,0,2,913,6.816735880594968
1952,1,1,713,6.569481420414296
1952,2,0,698,6.548219102762372
1952,3,0,514,6.2422232654551655
1952,4,3,252,5.529429087511423
1952,5,0,75,4.31748811353631
1952,6,0,59,4.07753744390572
1952,7,2,24,3.1780538303479458
1952,8,4,50,3.912023005428146
1952,9,2,103,4.634728988229636
1952,10,3,318,5.762051382780177
1952,11,3,611,6.415096959171596
1952,12,13,986,6.893656354602635
1952,13,23,1221,7.107425474110705
1952,14,15,1088,6.992096427415888
1952,15,13,1026,6.933423025730715
1952,16,21,939,6.844815479208263
1952,17,23,747,6.616065185132817
1952,18,21,738,6.6039438246004725
1952,19,11,592,6.3835066348840055
1952,20,4,513,6.240275845170769
1952,21,2,526,6.26530121273771
1952,22,2,1059,6.9650803456014065
1952,23,1,1035,6.942156705699469
1953,0,8,913,6.816735880594968
1953,1,4,713,6.569481420414296
1953,2,1,698,6.548219102762372
1953,3,0,514,6.2422232654551655
1953,4,0,252,5.529429087511423
1953,5,0,75,4.31748811353631
1953,6,0,59,4.07753744390572
1953,7,0,24,3.1780538303479458
1953,8,0,50,3.912023005428146
1953,9,3,103,4.634728988229636
1953,10,4,318,5.762051382780177
1953,11,2,611,6.415096959171596
1953,12,6,986,6.893656354602635
1953,13,15,1221,7.107425474110705
1953,14,10,1088,6.992096427415888
1953,15,15,1026,6.933423025730715
1953,16,8,939,6.844815479208263
1953,17,10,747,6.616065185132817
1953,18,9,738,6.6039438246004725
1953,19,5,592,6.3835066348840055
1953,20,5,513,6.240275845170769
1953,21,1,526,6.26530121273771
1953,22,9,1059,6.9650803456014065
1953,23,6,1035,6.942156705699469
1954,0,13,913,6.816735880594968
1954,1,14,713,6.569481420414296
1954,2,21,698,6.548219102762372
1954,3,15,514,6.2422232654551655
1954,4,7,252,5.529429087511423
1954,5,1,75,4.31748811353631
1954,6,0,59,4.07753744390572
1954,7,0,24,3.1780538303479458
1954,8,2,50,3.912023005428146
1954,9,7,103,4.634728988229636
1954,10,26,318,5.762051382780177
1954,11,41,611,6.415096959171596
1954,12,68,986,6.893656354602635
1954,13,73,1221,7.107425474110705
1954,14,81,1088,6.992096427415888
1954,15,56,1026,6.933423025730715
1954,16,68,939,6.844815479208263
1954,17,52,747,6.616065185132817
1954,18,74,738,6.6039438246004725
1954,19,46,592,6.3835066348840055
1954,20,30,513,6.240275845170769
1954,21,18,526,6.26530121273771
1954,22,38,1059,6.9650803456014065
1954,23,14,1035,6.942156705699469
1955,0,1,913,6.816735880594968
1955,1,5,713,6.569481420414296
1955,2,0,698,6.548219102762372
1955,3,1,514,6.2422232654551655
1955,4,2,252,5.529429087511423
1955,5,0,75,4.31748811353631
1955,6,0,59,4.07753744390572
1955,7,0,24,3.1780538303479458
1955,8,0,50,3.912023005428146
1955,9,0,103,4.634728988229636
1955,10,2,318,5.762051382780177
1955,11,9,611,6.415096959171596
1955,12,10,986,6.893656354602635
1955,13,8,1221,7.107425474110705
1955,14,12,1088,6.992096427415888
1955,15,10,1026,6.933423025730715
1955,16,8,939,6.844815479208263
1955,17,4,747,6.616065185132817
1955,18,7,738,6.6039438246004725
1955,19,1,592,6.3835066348840055
1955,20,1,513,6.240275845170769
1955,21,2,526,6.26530121273771
1955,22,6,1059,6.9650803456014065
1955,23,4,1035,6.942156705699469
1956,0,2,913,6.816735880594968
1956,1,2,713,6.569481420414296
1956,2,0,698,6.548219102762372
1956,3,0,514,6.2422232654551655
1956,4,0,252,5.529429087511423
1956,5,2,75,4.31748811353631
1956,6,0,59,4.07753744390572
1956,7,0,24,3.1780538303479458
1956,8,0,50,3.912023005428146
1956,9,4,103,4.634728988229636
1956,10,3,318,5.762051382780177
1956,11,4,611,6.415096959171596
1956,12,12,986,6.893656354602635
1956,13,8,1221,7.107425474110705
1956,14,9,1088,6.992096427415888
1956,15,13,1026,6.933423025730715
1956,16,7,939,6.844815479208263
1956,17,10,747,6.616065185132817
1956,18,5,738,6.6039438246004725
1956,19,3,592,6.3835066348840055
1956,20,4,513,6.240275845170769
1956,21,2,526,6.26530121273771
1956,22,4,1059,6.9650803456014065
1956,23,4,1035,6.942156705699469
1957,0,2,913,6.816735880594968
1957,1,6,713,6.569481420414296
1957,2,0,698,6.548219102762372
1957,3,0,514,6.2422232654551655
1957,4,0,252,5.529429087511423
1957,5,2,75,4.31748811353631
1957,6,0,59,4.07753744390572
1957,7,0,24,3.1780538303479458
1957,8,0,50,3.912023005428146
1957,9,4,103,4.634728988229636
1957,10,2,318,5.762051382780177
1957,11,10,611,6.415096959171596
1957,12,9,986,6.893656354602635
1957,13,14,1221,7.107425474110705
1957,14,10,1088,6.992096427415888
1957,15,3,1026,6.933423025730715
1957,16,8,939,6.844815479208263
1957,17,16,747,6.616065185132817
1957,18,7,738,6.6039438246004725
1957,19,4,592,6.3835066348840055
1957,20,4,513,6.240275845170769
1957,21,3,526,6.26530121273771
1957,22,2,1059,6.9650803456014065
1957,23,1,1035,6.942156705699469
1958,0,11,913,6.816735880594968
1958,1,6,713,6.569481420414296
1958,2,1,698,6.548219102762372
1958,3,1,514,6.2422232654551655
1958,4,1,252,5.529429087511423
1958,5,2,75,4.31748811353631
1958,6,0,59,4.07753744390572
1958,7,0,24,3.1780538303479458
1958,8,1,50,3.912023005428146
1958,9,4,103,4.634728988229636
1958,10,6,318,5.762051382780177
1958,11,9,611,6.415096959171596
1958,12,11,986,6.893656354602635
1958,13,12,1221,7.107425474110705
1958,14,10,1088,6.992096427415888
1958,15,12,1026,6.933423025730715
1958,16,10,939,6.844815479208263
1958,17,19,747,6.616065185132817
1958,18,21,738,6.6039438246004725
1958,19,17,592,6.3835066348840055
1958,20,10,513,6.240275845170769
1958,21,9,526,6.26530121273771
1958,22,13,1059,6.9650803456014065
1958,23,13,1035,6.942156705699469
1959,0,18,913,6.816735880594968
1959,1,4,713,6.569481420414296
1959,2,2,698,6.548219102762372
1959,3,1,514,6.2422232654551655
1959,4,1,252,5.529429087511423
1959,5,0,75,4.31748811353631
1959,6,0,59,4.07753744390572
1959,7,0,24,3.1780538303479458
1959,8,0,50,3.912023005428146
1959,9,3,103,4.634728988229636
1959,10,4,318,5.762051382780177
1959,11,12,611,6.415096959171596
1959,12,21,986,6.893656354602635
1959,13,34,1221,7.107425474110705
1959,14,24,1088,6.992096427415888
1959,15,25,1026,6.933423025730715
1959,16,20,939,6.844815479208263
1959,17,31,747,6.616065185132817
1959,18,44,738,6.6039438246004725
1959,19,21,592,6.3835066348840055
1959,20,14,513,6.240275845170769
1959,21,14,526,6.26530121273771
1959,22,17,1059,6.9650803456014065
1959,23,17,1035,6.942156705699469
1960,0,6,913,6.816735880594968
1960,1,11,713,6.569481420414296
1960,2,6,698,6.548219102762372
1960,3,6,514,6.2422232654551655
1960,4,5,252,5.529429087511423
1960,5,2,75,4.31748811353631
1960,6,1,59,4.07753744390572
1960,7,1,24,3.1780538303479458
1960,8,1,50,3.912023005428146
1960,9,1,103,4.634728988229636
1960,10,3,318,5.762051382780177
1960,11,11,611,6.415096959171596
1960,12,23,986,6.893656354602635
1960,13,31,1221,7.107425474110705
1960,14,30,1088,6.992096427415888
1960,15,41,1026,6.933423025730715
1960,16,23,939,6.844815479208263
1960,17,14,747,6.616065185132817
1960,18,30,738,6.6039438246004725
1960,19,31,592,6.3835066348840055
1960,20,12,513,6.240275845170769
1960,21,5,526,6.26530121273771
1960,22,14,1059,6.9650803456014065
1960,23,3,1035,6.942156705699469
1961,0,5,913,6.816735880594968
1961,1,12,713,6.569481420414296
1961,2,5,698,6.548219102762372
1961,3,0,514,6.2422232654551655
1961,4,0,252,5.529429087511423
1961,5,0,75,4.31748811353631
1961,6,0,59,4.07753744390572
1961,7,0,24,3.1780538303479458
1961,8,0,50,3.912023005428146
1961,9,3,103,4.634728988229636
1961,10,21,318,5.762051382780177
1961,11,28,611,6.415096959171596
1961,12,43,986,6.893656354602635
1961,13,43,1221,7.107425474110705
1961,14,59,1088,6.992096427415888
1961,15,14,1026,6.933423025730715
1961,16,7,939,6.844815479208263
1961,17,7,747,6.616065185132817
1961,18,11,738,6.6039438246004725
1961,19,12,592,6.3835066348840055
1961,20,15,513,6.240275845170769
1961,21,5,526,6.26530121273771
1961,22,15,1059,6.9650803456014065
1961,23,5,1035,6.942156705699469
1962,0,4,913,6.816735880594968
1962,1,1,713,6.569481420414296
1962,2,1,698,6.548219102762372
1962,3,1,514,6.2422232654551655
1962,4,0,252,5.529429087511423
1962,5,0,75,4.31748811353631
1962,6,0,59,4.07753744390572
1962,7,0,24,3.1780538303479458
1962,8,1,50,3.912023005428146
1962,9,1,103,4.634728988229636
1962,10,8,318,5.762051382780177
1962,11,11,611,6.415096959171596
1962,12,13,986,6.893656354602635
1962,13,17,1221,7.107425474110705
1962,14,19,1088,6.992096427415888
1962,15,16,1026,6.933423025730715
1962,16,18,939,6.844815479208263
1962,17,11,747,6.616065185132817
1962,18,19,738,6.6039438246004725
1962,19,4,592,6.3835066348840055
1962,20,8,513,6.240275845170769
1962,21,3,526,6.26530121273771
1962,22,0,1059,6.9650803456014065
1962,23,4,1035,6.942156705699469
1963,0,2,913,6.816735880594968
1963,1,6,713,6.569481420414296
1963,2,4,698,6.548219102762372
1963,3,4,514,6.2422232654551655
1963,4,3,252,5.529429087511423
1963,5,0,75,4.31748811353631
1963,6,1,59,4.07753744390572
1963,7,0,24,3.1780538303479458
1963,8,0,50,3.912023005428146
1963,9,4,103,4.634728988229636
1963,10,3,318,5.762051382780177
1963,11,15,611,6.415096959171596
1963,12,18,986,6.893656354602635
1963,13,28,1221,7.107425474110705
1963,14,31,1088,6.992096427415888
1963,15,18,1026,6.933423025730715
1963,16,17,939,6.844815479208263
1963,17,8,747,6.616065185132817
1963,18,17,738,6.6039438246004725
1963,19,6,592,6.3835066348840055
1963,20,5,513,6.240275845170769
1963,21,7,526,6.26530121273771
1963,22,5,1059,6.9650803456014065
1963,23,6,1035,6.942156705699469
1964,0,16,913,6.816735880594968
1964,1,3,713,6.569481420414296
1964,2,1,698,6.548219102762372
1964,3,0,514,6.2422232654551655
1964,4,0,252,5.529429087511423
1964,5,0,75,4.31748811353631
1964,6,0,59,4.07753744390572
1964,7,0,24,3.1780538303479458
1964,8,0,50,3.912023005428146
1964,9,3,103,4.634728988229636
1964,10,4,318,5.762051382780177
1964,11,10,611,6.415096959171596
1964,12,24,986,6.893656354602635
1964,13,43,1221,7.107425474110705
1964,14,26,1088,6.992096427415888
1964,15,26,1026,6.933423025730715
1964,16,27,939,6.844815479208263
1964,17,33,747,6.616065185132817
1964,18,28,738,6.6039438246004725
1964,19,12,592,6.3835066348840055
1964,20,3,513,6.240275845170769
1964,21,4,526,6.26530121273771
1964,22,24,1059,6.9650803456014065
1964,23,19,1035,6.942156705699469
1965,0,0,913,6.816735880594968
1965,1,1,713,6.569481420414296
1965,2,0,698,6.548219102762372
1965,3,0,514,6.2422232654551655
1965,4,0,252,5.529429087511423
1965,5,0,75,4.31748811353631
1965,6,0,59,4.07753744390572
1965,7,0,24,3.1780538303479458
1965,8,0,50,3.912023005428146
1965,9,1,103,4.634728988229636
1965,10,4,318,5.762051382780177
1965,11,13,611,6.415096959171596
1965,12,9,986,6.893656354602635
1965,13,17,1221,7.107425474110705
1965,14,10,1088,6.992096427415888
1965,15,9,1026,6.933423025730715
1965,16,21,939,6.844815479208263
1965,17,10,747,6.616065185132817
1965,18,19,738,6.6039438246004725
1965,19,6,592,6.3835066348840055
1965,20,4,513,6.240275845170769
1965,21,3,526,6.26530121273771
1965,22,2,1059,6.9650803456014065
1965,23,2,1035,6.942156705699469
1966,0,4,913,6.816735880594968
1966,1,2,713,6.569481420414296
1966,2,0,698,6.548219102762372
1966,3,0,514,6.2422232654551655
1966,4,0,252,5.529429087511423
1966,5,0,75,4.31748811353631
1966,6,0,59,4.07753744390572
1966,7,0,24,3.1780538303479458
1966,8,1,50,3.912023005428146
1966,9,1,103,4.634728988229636
1966,10,5,318,5.762051382780177
1966,11,0,611,6.415096959171596
1966,12,6,986,6.893656354602635
1966,13,12,1221,7.107425474110705
1966,14,8,1088,6.992096427415888
1966,15,13,1026,6.933423025730715
1966,16,10,939,6.844815479208263
1966,17,6,747,6.616065185132817
1966,18,8,738,6.6039438246004725
1966,19,5,592,6.3835066348840055
1966,20,4,513,6.240275845170769
1966,21,1,526,6.26530121273771
1966,22,6,1059,6.9650803456014065
1966,23,0,1035,6.942156705699469
1967,0,18,913,6.816735880594968
1967,1,8,713,6.569481420414296
1967,2,5,698,6.548219102762372
1967,3,4,514,6.2422232654551655
1967,4,1,252,5.529429087511423
1967,5,2,75,4.31748811353631
1967,6,0,59,4.07753744390572
1967,7,0,24,3.1780538303479458
1967,8,0,50,3.912023005428146
1967,9,0,103,4.634728988229636
1967,10,1,318,5.762051382780177
1967,11,7,611,6.415096959171596
1967,12,25,986,6.893656354602635
1967,13,24,1221,7.107425474110705
1967,14,15,1088,6.992096427415888
1967,15,14,1026,6.933423025730715
1967,16,23,939,6.844815479208263
1967,17,21,747,6.616065185132817
1967,18,16,738,6.6039438246004725
1967,19,17,592,6.3835066348840055
1967,20,18,513,6.240275845170769
1967,21,22,526,6.26530121273771
1967,22,33,1059,6.9650803456014065
1967,23,26,1035,6.942156705699469
1968,0,9,913,6.816735880594968
1968,1,6,713,6.569481420414296
1968,2,6,698,6.548219102762372
1968,3,3,514,6.2422232654551655
1968,4,0,252,5.529429087511423
1968,5,0,75,4.31748811353631
1968,6,0,59,4.07753744390572
1968,7,0,24,3.1780538303479458
1968,8,0,50,3.912023005428146
1968,9,2,103,4.634728988229636
1968,10,1,318,5.762051382780177
1968,11,4,611,6.415096959171596
1968,12,6,986,6.893656354602635
1968,13,14,1221,7.107425474110705
1968,14,15,1088,6.992096427415888
1968,15,9,1026,6.933423025730715
1968,16,12,939,6.844815479208263
1968,17,6,747,6.616065185132817
1968,18,8,738,6.6039438246004725
1968,19,14,592,6.3835066348840055
1968,20,9,513,6.240275845170769
1968,21,4,526,6.26530121273771
1968,22,11,1059,6.9650803456014065
1968,23,15,1035,6.942156705699469
1969,0,2,913,6.816735880594968
1969,1,1,713,6.569481420414296
1969,2,0,698,6.548219102762372
1969,3,0,514,6.2422232654551655
1969,4,0,252,5.529429087511423
1969,5,0,75,4.31748811353631
1969,6,0,59,4.07753744390572
1969,7,0,24,3.1780538303479458
1969,8,0,50,3.912023005428146
1969,9,4,103,4.634728988229636
1969,10,3,318,5.762051382780177
1969,11,10,611,6.415096959171596
1969,12,10,986,6.893656354602635
1969,13,23,1221,7.107425474110705
1969,14,17,1088,6.992096427415888
1969,15,8,1026,6.933423025730715
1969,16,20,939,6.844815479208263
1969,17,21,747,6.616065185132817
1969,18,18,738,6.6039438246004725
1969,19,7,592,6.3835066348840055
1969,20,4,513,6.240275845170769
1969,21,4,526,6.26530121273771
1969,22,2,1059,6.9650803456014065
1969,23,1,1035,6.942156705699469
1970,0,0,913,6.816735880594968
1970,1,1,713,6.569481420414296
1970,2,0,698,6.548219102762372
1970,3,0,514,6.2422232654551655
1970,4,1,252,5.529429087511423
1970,5,0,75,4.31748811353631
1970,6,1,59,4.07753744390572
1970,7,0,24,3.1780538303479458
1970,8,0,50,3.912023005428146
1970,9,7,103,4.634728988229636
1970,10,2,318,5.762051382780177
1970,11,4,611,6.415096959171596
1970,12,10,986,6.893656354602635
1970,13,16,1221,7.107425474110705
1970,14,17,1088,6.992096427415888
1970,15,13,1026,6.933423025730715
1970,16,15,939,6.844815479208263
1970,17,20,747,6.616065185132817
1970,18,13,738,6.6039438246004725
1970,19,19,592,6.3835066348840055
1970,20,2,513,6.240275845170769
1970,21,4,526,6.26530121273771
1970,22,3,1059,6.9650803456014065
1970,23,2,1035,6.942156705699469
1971,0,5,913,6.816735880594968
1971,1,4,713,6.569481420414296
1971,2,1,698,6.548219102762372
1971,3,0,514,6.2422232654551655
1971,4,0,252,5.529429087511423
1971,5,0,75,4.31748811353631
1971,6,2,59,4.07753744390572
1971,7,0,24,3.1780538303479458
1971,8,2,50,3.912023005428146
1971,9,2,103,4.634728988229636
1971,10,3,318,5.762051382780177
1971,11,5,611,6.415096959171596
1971,12,14,986,6.893656354602635
1971,13,15,1221,7.107425474110705
1971,14,17,1088,6.992096427415888
1971,15,9,1026,6.933423025730715
1971,16,12,939,6.844815479208263
1971,17,12,747,6.616065185132817
1971,18,15,738,6.6039438246004725
1971,19,5,592,6.3835066348840055
1971,20,3,513,6.240275845170769
1971,21,3,526,6.26530121273771
1971,22,2,1059,6.9650803456014065
1971,23,2,1035,6.942156705699469
1972,0,3,913,6.816735880594968
1972,1,1,713,6.569481420414296
1972,2,3,698,6.548219102762372
1972,3,6,514,6.2422232654551655
1972,4,0,252,5.529429087511423
1972,5,1,75,4.31748811353631
1972,6,0,59,4.07753744390572
1972,7,0,24,3.1780538303479458
1972,8,4,50,3.912023005428146
1972,9,6,103,4.634728988229636
1972,10,5,318,5.762051382780177
1972,11,16,611,6.415096959171596
1972,12,19,986,6.893656354602635
1972,13,25,1221,7.107425474110705
1972,14,22,1088,6.992096427415888
1972,15,20,1026,6.933423025730715
1972,16,14,939,6.844815479208263
1972,17,20,747,6.616065185132817
1972,18,25,738,6.6039438246004725
1972,19,10,592,6.3835066348840055
1972,20,9,513,6.240275845170769
1972,21,5,526,6.26530121273771
1972,22,10,1059,6.9650803456014065
1972,23,10,1035,6.942156705699469
1973,0,1,913,6.816735880594968
1973,1,1,713,6.569481420414296
1973,2,1,698,6.548219102762372
1973,3,1,514,6.2422232654551655
1973,4,0,252,5.529429087511423
1973,5,0,75,4.31748811353631
1973,6,0,59,4.07753744390572
1973,7,0,24,3.1780538303479458
1973,8,2,50,3.912023005428146
1973,9,2,103,4.634728988229636
1973,10,5,318,5.762051382780177
1973,11,7,611,6.415096959171596
1973,12,16,986,6.893656354602635
1973,13,15,1221,7.107425474110705
1973,14,12,1088,6.992096427415888
1973,15,8,1026,6.933423025730715
1973,16,10,939,6.844815479208263
1973,17,10,747,6.616065185132817
1973,18,17,738,6.6039438246004725
1973,19,9,592,6.3835066348840055
1973,20,3,513,6.240275845170769
1973,21,2,526,6.26530121273771
1973,22,2,1059,6.9650803456014065
1973,23,0,1035,6.942156705699469
1974,0,3,913,6.816735880594968
1974,1,8,713,6.569481420414296
1974,2,2,698,6.548219102762372
1974,3,3,514,6.2422232654551655
1974,4,1,252,5.529429087511423
1974,5,0,75,4.31748811353631
1974,6,0,59,4.07753744390572
1974,7,0,24,3.1780538303479458
1974,8,0,50,3.912023005428146
1974,9,2,103,4.634728988229636
1974,10,4,318,5.762051382780177
1974,11,10,611,6.415096959171596
1974,12,7,986,6.893656354602635
1974,13,17,1221,7.107425474110705
1974,14,7,1088,6.992096427415888
1974,15,6,1026,6.933423025730715
1974,16,15,939,6.844815479208263
1974,17,8,747,6.616065185132817
1974,18,23,738,6.6039438246004725
1974,19,11,592,6.3835066348840055
1974,20,13,513,6.240275845170769
1974,21,7,526,6.26530121273771
1974,22,8,1059,6.9650803456014065
1974,23,4,1035,6.942156705699469
1975,0,13,913,6.816735880594968
1975,1,13,713,6.569481420414296
1975,2,34,698,6.548219102762372
1975,3,6,514,6.2422232654551655
1975,4,3,252,5.529429087511423
1975,5,0,75,4.31748811353631
1975,6,1,59,4.07753744390572
1975,7,1,24,3.1780538303479458
1975,8,1,50,3.912023005428146
1975,9,10,103,4.634728988229636
1975,10,22,318,5.762051382780177
1975,11,28,611,6.415096959171596
1975,12,25,986,6.893656354602635
1975,13,41,1221,7.107425474110705
1975,14,35,1088,6.992096427415888
1975,15,22,1026,6.933423025730715
1975,16,21,939,6.844815479208263
1975,17,26,747,6.616065185132817
1975,18,28,738,6.6039438246004725
1975,19,23,592,6.3835066348840055
1975,20,9,513,6.240275845170769
1975,21,10,526,6.26530121273771
1975,22,27,1059,6.9650803456014065
1975,23,19,1035,6.942156705699469
1976,0,0,913,6.816735880594968
1976,1,2,713,6.569481420414296
1976,2,0,698,6.548219102762372
1976,3,1,514,6.2422232654551655
1976,4,2,252,5.529429087511423
1976,5,0,75,4.31748811353631
1976,6,2,59,4.07753744390572
1976,7,0,24,3.1780538303479458
1976,8,0,50,3.912023005428146
1976,9,0,103,4.634728988229636
1976,10,0,318,5.762051382780177
1976,11,2,611,6.415096959171596
1976,12,4,986,6.893656354602635
1976,13,3,1221,7.107425474110705
1976,14,6,1088,6.992096427415888
1976,15,3,1026,6.933423025730715
1976,16,1,939,6.844815479208263
1976,17,3,747,6.616065185132817
1976,18,5,738,6.6039438246004725
1976,19,6,592,6.3835066348840055
1976,20,1,513,6.240275845170769
1976,21,3,526,6.26530121273771
1976,22,3,1059,6.9650803456014065
1976,23,1,1035,6.942156705699469
1977,0,5,913,6.816735880594968
1977,1,2,713,6.569481420414296
1977,2,0,698,6.548219102762372
1977,3,0,514,6.2422232654551655
1977,4,0,252,5.529429087511423
1977,5,0,75,4.31748811353631
1977,6,0,59,4.07753744390572
1977,7,1,24,3.1780538303479458
1977,8,1,50,3.912023005428146
1977,9,4,103,4.634728988229636
1977,10,7,318,5.762051382780177
1977,11,24,611,6.415096959171596
1977,12,39,986,6.893656354602635
1977,13,40,1221,7.107425474110705
1977,14,35,1088,6.992096427415888
1977,15,35,1026,6.933423025730715
1977,16,32,939,6.844815479208263
1977,17,19,747,6.616065185132817
1977,18,25,738,6.6039438246004725
1977,19,14,592,6.3835066348840055
1977,20,2,513,6.240275845170769
1977,21,5,526,6.26530121273771
1977,22,10,1059,6.9650803456014065
1977,23,4,1035,6.942156705699469
1978,0,11,913,6.816735880594968
1978,1,3,713,6.569481420414296
1978,2,7,698,6.548219102762372
1978,3,1,514,6.2422232654551655
1978,4,2,252,5.529429087511423
1978,5,0,75,4.31748811353631
1978,6,0,59,4.07753744390572
1978,7,0,24,3.1780538303479458
1978,8,0,50,3.912023005428146
1978,9,1,103,4.634728988229636
1978,10,5,318,5.762051382780177
1978,11,10,611,6.415096959171596
1978,12,25,986,6.893656354602635
1978,13,16,1221,7.107425474110705
1978,14,17,1088,6.992096427415888
1978,15,9,1026,6.933423025730715
1978,16,16,939,6.844815479208263
1978,17,16,747,6.616065185132817
1978,18,20,738,6.6039438246004725
1978,19,12,592,6.3835066348840055
1978,20,10,513,6.240275845170769
1978,21,7,526,6.26530121273771
1978,22,9,1059,6.9650803456014065
1978,23,15,1035,6.942156705699469
1979,0,3,913,6.816735880594968
1979,1,0,713,6.569481420414296
1979,2,0,698,6.548219102762372
1979,3,0,514,6.2422232654551655
1979,4,0,252,5.529429087511423
1979,5,0,75,4.31748811353631
1979,6,0,59,4.07753744390572
1979,7,0,24,3.1780538303479458
1979,8,0,50,3.912023005428146
1979,9,0,103,4.634728988229636
1979,10,0,318,5.762051382780177
1979,11,5,611,6.415096959171596
1979,12,6,986,6.893656354602635
1979,13,5,1221,7.107425474110705
1979,14,7,1088,6.992096427415888
1979,15,9,1026,6.933423025730715
1979,16,10,939,6.844815479208263
1979,17,5,747,6.616065185132817
1979,18,13,738,6.6039438246004725
1979,19,8,592,6.3835066348840055
1979,20,3,513,6.240275845170769
1979,21,2,526,6.26530121273771
1979,22,10,1059,6.9650803456014065
1979,23,5,1035,6.942156705699469
1980,0,4,913,6.816735880594968
1980,1,5,713,6.569481420414296
1980,2,3,698,6.548219102762372
1980,3,3,514,6.2422232654551655
1980,4,6,252,5.529429087511423
1980,5,0,75,4.31748811353631
1980,6,1,59,4.07753744390572
1980,7,0,24,3.1780538303479458
1980,8,1,50,3.912023005428146
1980,9,3,103,4.634728988229636
1980,10,4,318,5.762051382780177
1980,11,11,611,6.415096959171596
1980,12,9,986,6.893656354602635
1980,13,14,1221,7.107425474110705
1980,14,14,1088,6.992096427415888
1980,15,33,1026,6.933423025730715
1980,16,26,939,6.844815479208263
1980,17,49,747,6.616065185132817
1980,18,32,738,6.6039438246004725
1980,19,8,592,6.3835066348840055
1980,20,7,513,6.240275845170769
1980,21,1,526,6.26530121273771
1980,22,2,1059,6.9650803456014065
1980,23,3,1035,6.942156705699469
1981,0,6,913,6.816735880594968
1981,1,4,713,6.569481420414296
1981,2,4,698,6.548219102762372
1981,3,2,514,6.2422232654551655
1981,4,2,252,5.529429087511423
1981,5,4,75,4.31748811353631
1981,6,0,59,4.07753744390572
1981,7,0,24,3.1780538303479458
1981,8,1,50,3.912023005428146
1981,9,7,103,4.634728988229636
1981,10,4,318,5.762051382780177
1981,11,20,611,6.415096959171596
1981,12,27,986,6.893656354602635
1981,13,32,1221,7.107425474110705
1981,14,35,1088,6.992096427415888
1981,15,28,1026,6.933423025730715
1981,16,13,939,6.844815479208263
1981,17,15,747,6.616065185132817
1981,18,19,738,6.6039438246004725
1981,19,16,592,6.3835066348840055
1981,20,7,513,6.240275845170769
1981,21,4,526,6.26530121273771
1981,22,6,1059,6.9650803456014065
1981,23,10,1035,6.942156705699469
1982,0,1,913,6.816735880594968
1982,1,2,713,6.569481420414296
1982,2,0,698,6.548219102762372
1982,3,1,514,6.2422232654551655
1982,4,1,252,5.529429087511423
1982,5,0,75,4.31748811353631
1982,6,0,59,4.07753744390572
1982,7,0,24,3.1780538303479458
1982,8,0,50,3.912023005428146
1982,9,3,103,4.634728988229636
1982,10,2,318,5.762051382780177
1982,11,9,611,6.415096959171596
1982,12,20,986,6.893656354602635
1982,13,23,1221,7.107425474110705
1982,14,18,1088,6.992096427415888
1982,15,11,1026,6.933423025730715
1982,16,16,939,6.844815479208263
1982,17,13,747,6.616065185132817
1982,18,23,738,6.6039438246004725
1982,19,8,592,6.3835066348840055
1982,20,11,513,6.240275845170769
1982,21,6,526,6.26530121273771
1982,22,4,1059,6.9650803456014065
1982,23,1,1035,6.942156705699469
1983,0,2,913,6.816735880594968
1983,1,2,713,6.569481420414296
1983,2,0,698,6.548219102762372
1983,3,0,514,6.2422232654551655
1983,4,0,252,5.529429087511423
1983,5,0,75,4.31748811353631
1983,6,0,59,4.07753744390572
1983,7,0,24,3.1780538303479458
1983,8,1,50,3.912023005428146
1983,9,8,103,4.634728988229636
1983,10,11,318,5.762051382780177
1983,11,6,611,6.415096959171596
1983,12,30,986,6.893656354602635
1983,13,39,1221,7.107425474110705
1983,14,30,1088,6.992096427415888
1983,15,30,1026,6.933423025730715
1983,16,26,939,6.844815479208263
1983,17,18,747,6.616065185132817
1983,18,24,738,6.6039438246004725
1983,19,11,592,6.3835066348840055
1983,20,7,513,6.240275845170769
1983,21,3,526,6.26530121273771
1983,22,7,1059,6.9650803456014065
1983,23,3,1035,6.942156705699469
1984,0,1,913,6.816735880594968
1984,1,2,713,6.569481420414296
1984,2,5,698,6.548219102762372
1984,3,14,514,6.2422232654551655
1984,4,4,252,5.529429087511423
1984,5,7,75,4.31748811353631
1984,6,5,59,4.07753744390572
1984,7,3,24,3.1780538303479458
1984,8,3,50,3.912023005428146
1984,9,1,103,4.634728988229636
1984,10,6,318,5.762051382780177
1984,11,11,611,6.415096959171596
1984,12,24,986,6.893656354602635
1984,13,38,1221,7.107425474110705
1984,14,34,1088,6.992096427415888
1984,15,25,1026,6.933423025730715
1984,16,21,939,6.844815479208263
1984,17,28,747,6.616065185132817
1984,18,30,738,6.6039438246004725
1984,19,20,592,6.3835066348840055
1984,20,4,513,6.240275845170769
1984,21,6,526,6.26530121273771
1984,22,12,1059,6.9650803456014065
1984,23,4,1035,6.942156705699469
1985,0,1,913,6.816735880594968
1985,1,1,713,6.569481420414296
1985,2,0,698,6.548219102762372
1985,3,0,514,6.2422232654551655
1985,4,0,252,5.529429087511423
1985,5,0,75,4.31748811353631
1985,6,0,59,4.07753744390572
1985,7,0,24,3.1780538303479458
1985,8,0,50,3.912023005428146
1985,9,1,103,4.634728988229636
1985,10,2,318,5.762051382780177
1985,11,14,611,6.415096959171596
1985,12,17,986,6.893656354602635
1985,13,34,1221,7.107425474110705
1985,14,13,1088,6.992096427415888
1985,15,13,1026,6.933423025730715
1985,16,23,939,6.844815479208263
1985,17,12,747,6.616065185132817
1985,18,14,738,6.6039438246004725
1985,19,11,592,6.3835066348840055
1985,20,6,513,6.240275845170769
1985,21,4,526,6.26530121273771
1985,22,0,1059,6.9650803456014065
1985,23,1,1035,6.942156705699469
1986,0,1,913,6.816735880594968
1986,1,1,713,6.569481420414296
1986,2,0,698,6.548219102762372
1986,3,0,514,6.2422232654551655
1986,4,0,252,5.529429087511423
1986,5,0,75,4.31748811353631
1986,6,0,59,4.07753744390572
1986,7,0,24,3.1780538303479458
1986,8,0,50,3.912023005428146
1986,9,5,103,4.634728988229636
1986,10,5,318,5.762051382780177
1986,11,14,611,6.415096959171596
1986,12,26,986,6.893656354602635
1986,13,28,1221,7.107425474110705
1986,14,26,1088,6.992096427415888
1986,15,19,1026,6.933423025730715
1986,16,14,939,6.844815479208263
1986,17,33,747,6.616065185132817
1986,18,15,738,6.6039438246004725
1986,19,9,592,6.3835066348840055
1986,20,5,513,6.240275845170769
1986,21,1,526,6.26530121273771
1986,22,4,1059,6.9650803456014065
1986,23,1,1035,6.942156705699469
1987,0,1,913,6.816735880594968
1987,1,3,713,6.569481420414296
1987,2,2,698,6.548219102762372
1987,3,3,514,6.2422232654551655
1987,4,0,252,5.529429087511423
1987,5,0,75,4.31748811353631
1987,6,0,59,4.07753744390572
1987,7,0,24,3.1780538303479458
1987,8,0,50,3.912023005428146
1987,9,2,103,4.634728988229636
1987,10,4,318,5.762051382780177
1987,11,10,611,6.415096959171596
1987,12,14,986,6.893656354602635
1987,13,8,1221,7.107425474110705
1987,14,8,1088,6.992096427415888
1987,15,7,1026,6.933423025730715
1987,16,6,939,6.844815479208263
1987,17,11,747,6.616065185132817
1987,18,11,738,6.6039438246004725
1987,19,3,592,6.3835066348840055
1987,20,1,513,6.240275845170769
1987,21,4,526,6.26530121273771
1987,22,8,1059,6.9650803456014065
1987,23,9,1035,6.942156705699469
1988,0,7,913,6.816735880594968
1988,1,8,713,6.569481420414296
1988,2,4,698,6.548219102762372
1988,3,8,514,6.2422232654551655
1988,4,0,252,5.529429087511423
1988,5,0,75,4.31748811353631
1988,6,1,59,4.07753744390572
1988,7,0,24,3.1780538303479458
1988,8,2,50,3.912023005428146
1988,9,0,103,4.634728988229636
1988,10,4,318,5.762051382780177
1988,11,6,611,6.415096959171596
1988,12,15,986,6.893656354602635
1988,13,16,1221,7.107425474110705
1988,14,14,1088,6.992096427415888
1988,15,5,1026,6.933423025730715
1988,16,5,939,6.844815479208263
1988,17,13,747,6.616065185132817
1988,18,21,738,6.6039438246004725
1988,19,10,592,6.3835066348840055
1988,20,5,513,6.240275845170769
1988,21,4,526,6.26530121273771
1988,22,6,1059,6.9650803456014065
1988,23,10,1035,6.942156705699469
1989,0,1,913,6.816735880594968
1989,1,2,713,6.569481420414296
1989,2,4,698,6.548219102762372
1989,3,0,514,6.2422232654551655
1989,4,1,252,5.529429087511423
1989,5,0,75,4.31748811353631
1989,6,0,59,4.07753744390572
1989,7,0,24,3.1780538303479458
1989,8,0,50,3.912023005428146
1989,9,0,103,4.634728988229636
1989,10,6,318,5.762051382780177
1989,11,1,611,6.415096959171596
1989,12,7,986,6.893656354602635
1989,13,12,1221,7.107425474110705
1989,14,10,1088,6.992096427415888
1989,15,6,1026,6.933423025730715
1989,16,7,939,6.844815479208263
1989,17,6,747,6.616065185132817
1989,18,7,738,6.6039438246004725
1989,19,5,592,6.3835066348840055
1989,20,8,513,6.240275845170769
1989,21,0,526,6.26530121273771
1989,22,3,1059,6.9650803456014065
1989,23,10,1035,6.942156705699469
1990,0,2,913,6.816735880594968
1990,1,0,713,6.569481420414296
1990,2,1,698,6.548219102762372
1990,3,0,514,6.2422232654551655
1990,4,0,252,5.529429087511423
1990,5,0,75,4.31748811353631
1990,6,0,59,4.07753744390572
1990,7,0,24,3.1780538303479458
1990,8,2,50,3.912023005428146
1990,9,2,103,4.634728988229636
1990,10,2,318,5.762051382780177
1990,11,9,611,6.415096959171596
1990,12,16,986,6.893656354602635
1990,13,18,1221,7.107425474110705
1990,14,15,1088,6.992096427415888
1990,15,8,1026,6.933423025730715
1990,16,16,939,6.844815479208263
1990,17,12,747,6.616065185132817
1990,18,20,738,6.6039438246004725
1990,19,10,592,6.3835066348840055
1990,20,2,513,6.240275845170769
1990,21,2,526,6.26530121273771
1990,22,4,1059,6.9650803456014065
1990,23,2,1035,6.942156705699469
1991,0,12,913,6.816735880594968
1991,1,6,713,6.569481420414296
1991,2,8,698,6.548219102762372
1991,3,4,514,6.2422232654551655
1991,4,0,252,5.529429087511423
1991,5,0,75,4.31748811353631
1991,6,3,59,4.07753744390572
1991,7,0,24,3.1780538303479458
1991,8,3,50,3.912023005428146
1991,9,4,103,4.634728988229636
1991,10,5,318,5.762051382780177
1991,11,8,611,6.415096959171596
1991,12,12,986,6.893656354602635
1991,13,21,1221,7.107425474110705
1991,14,16,1088,6.992096427415888
1991,15,8,1026,6.933423025730715
1991,16,18,939,6.844815479208263
1991,17,10,747,6.616065185132817
1991,18,24,738,6.6039438246004725
1991,19,17,592,6.3835066348840055
1991,20,10,513,6.240275845170769
1991,21,11,526,6.26530121273771
1991,22,11,1059,6.9650803456014065
1991,23,11,1035,6.942156705699469
1992,0,5,913,6.816735880594968
1992,1,3,713,6.569481420414296
1992,2,1,698,6.548219102762372
1992,3,0,514,6.2422232654551655
1992,4,0,252,5.529429087511423
1992,5,0,75,4.31748811353631
1992,6,0,59,4.07753744390572
1992,7,0,24,3.1780538303479458
1992,8,0,50,3.912023005428146
1992,9,2,103,4.634728988229636
1992,10,4,318,5.762051382780177
1992,11,8,611,6.415096959171596
1992,12,1,986,6.893656354602635
1992,13,10,1221,7.107425474110705
1992,14,15,1088,6.992096427415888
1992,15,10,1026,6.933423025730715
1992,16,11,939,6.844815479208263
1992,17,6,747,6.616065185132817
1992,18,6,738,6.6039438246004725
1992,19,3,592,6.3835066348840055
1992,20,0,513,6.240275845170769
1992,21,2,526,6.26530121273771
1992,22,2,1059,6.9650803456014065
1992,23,3,1035,6.942156705699469
1993,0,3,913,6.816735880594968
1993,1,7,713,6.569481420414296
1993,2,2,698,6.548219102762372
1993,3,2,514,6.2422232654551655
1993,4,1,252,5.529429087511423
1993,5,0,75,4.31748811353631
1993,6,0,59,4.07753744390572
1993,7,0,24,3.1780538303479458
1993,8,0,50,3.912023005428146
1993,9,3,103,4.634728988229636
1993,10,5,318,5.762051382780177
1993,11,9,611,6.415096959171596
1993,12,19,986,6.893656354602635
1993,13,28,1221,7.107425474110705
1993,14,21,1088,6.992096427415888
1993,15,9,1026,6.933423025730715
1993,16,11,939,6.844815479208263
1993,17,6,747,6.616065185132817
1993,18,19,738,6.6039438246004725
1993,19,15,592,6.3835066348840055
1993,20,6,513,6.240275845170769
1993,21,2,526,6.26530121273771
1993,22,6,1059,6.9650803456014065
1993,23,6,1035,6.942156705699469
1994,0,6,913,6.816735880594968
1994,1,2,713,6.569481420414296
1994,2,0,698,6.548219102762372
1994,3,1,514,6.2422232654551655
1994,4,1,252,5.529429087511423
1994,5,0,75,4.31748811353631
1994,6,0,59,4.07753744390572
1994,7,0,24,3.1780538303479458
1994,8,3,50,3.912023005428146
1994,9,1,103,4.634728988229636
1994,10,3,318,5.762051382780177
1994,11,11,611,6.415096959171596
1994,12,18,986,6.893656354602635
1994,13,20,1221,7.107425474110705
1994,14,25,1088,6.992096427415888
1994,15,12,1026,6.933423025730715
1994,16,23,939,6.844815479208263
1994,17,13,747,6.616065185132817
1994,18,16,738,6.6039438246004725
1994,19,9,592,6.3835066348840055
1994,20,7,513,6.240275845170769
1994,21,4,526,6.26530121273771
1994,22,8,1059,6.9650803456014065
1994,23,4,1035,6.942156705699469
1995,0,3,913,6.816735880594968
1995,1,5,713,6.569481420414296
1995,2,1,698,6.548219102762372
1995,3,1,514,6.2422232654551655
1995,4,0,252,5.529429087511423
1995,5,0,75,4.31748811353631
1995,6,0,59,4.07753744390572
1995,7,0,24,3.1780538303479458
1995,8,1,50,3.912023005428146
1995,9,2,103,4.634728988229636
1995,10,9,318,5.762051382780177
1995,11,9,611,6.415096959171596
1995,12,21,986,6.893656354602635
1995,13,21,1221,7.107425474110705
1995,14,27,1088,6.992096427415888
1995,15,14,1026,6.933423025730715
1995,16,23,939,6.844815479208263
1995,17,18,747,6.616065185132817
1995,18,27,738,6.6039438246004725
1995,19,5,592,6.3835066348840055
1995,20,9,513,6.240275845170769
1995,21,3,526,6.26530121273771
1995,22,8,1059,6.9650803456014065
1995,23,3,1035,6.942156705699469
1996,0,6,913,6.816735880594968
1996,1,1,713,6.569481420414296
1996,2,0,698,6.548219102762372
1996,3,0,514,6.2422232654551655
1996,4,0,252,5.529429087511423
1996,5,0,75,4.31748811353631
1996,6,0,59,4.07753744390572
1996,7,0,24,3.1780538303479458
1996,8,1,50,3.912023005428146
1996,9,0,103,4.634728988229636
1996,10,2,318,5.762051382780177
1996,11,9,611,6.415096959171596
1996,12,7,986,6.893656354602635
1996,13,19,1221,7.107425474110705
1996,14,10,1088,6.992096427415888
1996,15,9,1026,6.933423025730715
1996,16,7,939,6.844815479208263
1996,17,9,747,6.616065185132817
1996,18,9,738,6.6039438246004725
1996,19,6,592,6.3835066348840055
1996,20,6,513,6.240275845170769
1996,21,5,526,6.26530121273771
1996,22,7,1059,6.9650803456014065
1996,23,5,1035,6.942156705699469
1997,0,3,913,6.816735880594968
1997,1,4,713,6.569481420414296
1997,2,2,698,6.548219102762372
1997,3,0,514,6.2422232654551655
1997,4,0,252,5.529429087511423
1997,5,1,75,4.31748811353631
1997,6,2,59,4.07753744390572
1997,7,0,24,3.1780538303479458
1997,8,0,50,3.912023005428146
1997,9,2,103,4.634728988229636
1997,10,8,318,5.762051382780177
1997,11,13,611,6.415096959171596
1997,12,11,986,6.893656354602635
1997,13,33,1221,7.107425474110705
1997,14,14,1088,6.992096427415888
1997,15,13,1026,6.933423025730715
1997,16,12,939,6.844815479208263
1997,17,21,747,6.616065185132817
1997,18,23,738,6.6039438246004725
1997,19,9,592,6.3835066348840055
1997,20,5,513,6.240275845170769
1997,21,5,526,6.26530121273771
1997,22,3,1059,6.9650803456014065
1997,23,4,1035,6.942156705699469
1998,0,4,913,6.816735880594968
1998,1,0,713,6.569481420414296
1998,2,1,698,6.548219102762372
1998,3,0,514,6.2422232654551655
1998,4,0,252,5.529429087511423
1998,5,1,75,4.31748811353631
1998,6,0,59,4.07753744390572
1998,7,0,24,3.1780538303479458
1998,8,0,50,3.912023005428146
1998,9,4,103,4.634728988229636
1998,10,2,318,5.762051382780177
1998,11,7,611,6.415096959171596
1998,12,11,986,6.893656354602635
1998,13,8,1221,7.107425474110705
1998,14,9,1088,6.992096427415888
1998,15,8,1026,6.933423025730715
1998,16,8,939,6.844815479208263
1998,17,1,747,6.616065185132817
1998,18,8,738,6.6039438246004725
1998,19,4,592,6.3835066348840055
1998,20,3,513,6.240275845170769
1998,21,3,526,6.26530121273771
1998,22,1,1059,6.9650803456014065
1998,23,4,1035,6.942156705699469
1999,0,6,913,6.816735880594968
1999,1,6,713,6.569481420414296
1999,2,4,698,6.548219102762372
1999,3,0,514,6.2422232654551655
1999,4,1,252,5.529429087511423
1999,5,0,75,4.31748811353631
1999,6,0,59,4.07753744390572
1999,7,0,24,3.1780538303479458
1999,8,1,50,3.912023005428146
1999,9,2,103,4.634728988229636
1999,10,2,318,5.762051382780177
1999,11,6,611,6.415096959171596
1999,12,23,986,6.893656354602635
1999,13,35,1221,7.107425474110705
1999,14,23,1088,6.992096427415888
1999,15,20,1026,6.933423025730715
1999,16,21,939,6.844815479208263
1999,17,15,747,6.616065185132817
1999,18,19,738,6.6039438246004725
1999,19,14,592,6.3835066348840055
1999,20,7,513,6.240275845170769
1999,21,5,526,6.26530121273771
1999,22,14,1059,6.9650803456014065
1999,23,9,1035,6.942156705699469
2000,0,1,913,6.816735880594968
2000,1,0,713,6.569481420414296
2000,2,0,698,6.548219102762372
2000,3,0,514,6.2422232654551655
2000,4,0,252,5.529429087511423
2000,5,0,75,4.31748811353631
2000,6,0,59,4.07753744390572
2000,7,0,24,3.1780538303479458
2000,8,0,50,3.912023005428146
2000,9,2,103,4.634728988229636
2000,10,1,318,5.762051382780177
2000,11,11,611,6.415096959171596
2000,12,11,986,6.893656354602635
2000,13,14,1221,7.107425474110705
2000,14,14,1088,6.992096427415888
2000,15,16,1026,6.933423025730715
2000,16,15,939,6.844815479208263
2000,17,12,747,6.616065185132817
2000,18,10,738,6.6039438246004725
2000,19,2,592,6.3835066348840055
2000,20,1,513,6.240275845170769
2000,21,2,526,6.26530121273771
2000,22,0,1059,6.9650803456014065
2000,23,2,1035,6.942156705699469
2001,0,9,913,6.816735880594968
2001,1,9,713,6.569481420414296
2001,2,8,698,6.548219102762372
2001,3,3,514,6.2422232654551655
2001,4,4,252,5.529429087511423
2001,5,2,75,4.31748811353631
2001,6,2,59,4.07753744390572
2001,7,1,24,3.1780538303479458
2001,8,1,50,3.912023005428146
2001,9,1,103,4.634728988229636
2001,10,12,318,5.762051382780177
2001,11,22,611,6.415096959171596
2001,12,44,986,6.893656354602635
2001,13,37,1221,7.107425474110705
2001,14,40,1088,6.992096427415888
2001,15,28,1026,6.933423025730715
2001,16,31,939,6.844815479208263
2001,17,19,747,6.616065185132817
2001,18,35,738,6.6039438246004725
2001,19,14,592,6.3835066348840055
2001,20,12,513,6.240275845170769
2001,21,10,526,6.26530121273771
2001,22,14,1059,6.9650803456014065
2001,23,12,1035,6.942156705699469
2002,0,5,913,6.816735880594968
2002,1,1,713,6.569481420414296
2002,2,0,698,6.548219102762372
2002,3,0,514,6.2422232654551655
2002,4,0,252,5.529429087511423
2002,5,0,75,4.31748811353631
2002,6,0,59,4.07753744390572
2002,7,0,24,3.1780538303479458
2002,8,3,50,3.912023005428146
2002,9,8,103,4.634728988229636
2002,10,3,318,5.762051382780177
2002,11,6,611,6.415096959171596
2002,12,10,986,6.893656354602635
2002,13,8,1221,7.107425474110705
2002,14,8,1088,6.992096427415888
2002,15,9,1026,6.933423025730715
2002,16,16,939,6.844815479208263
2002,17,4,747,6.616065185132817
2002,18,6,738,6.6039438246004725
2002,19,4,592,6.3835066348840055
2002,20,5,513,6.240275845170769
2002,21,2,526,6.26530121273771
2002,22,2,1059,6.9650803456014065
2002,23,0,1035,6.942156705699469
2003,0,7,913,6.816735880594968
2003,1,3,713,6.569481420414296
2003,2,2,698,6.548219102762372
2003,3,2,514,6.2422232654551655
2003,4,0,252,5.529429087511423
2003,5,2,75,4.31748811353631
2003,6,1,59,4.07753744390572
2003,7,0,24,3.1780538303479458
2003,8,0,50,3.912023005428146
2003,9,2,103,4.634728988229636
2003,10,8,318,5.762051382780177
2003,11,17,611,6.415096959171596
2003,12,20,986,6.893656354602635
2003,13,22,1221,7.107425474110705
2003,14,6,1088,6.992096427415888
2003,15,15,1026,6.933423025730715
2003,16,9,939,6.844815479208263
2003,17,11,747,6.616065185132817
2003,18,10,738,6.6039438246004725
2003,19,11,592,6.3835066348840055
2003,20,2,513,6.240275845170769
2003,21,7,526,6.26530121273771
2003,22,6,1059,6.9650803456014065
2003,23,5,1035,6.942156705699469
2004,0,4,913,6.816735880594968
2004,1,7,713,6.569481420414296
2004,2,5,698,6.548219102762372
2004,3,0,514,6.2422232654551655
2004,4,0,252,5.529429087511423
2004,5,0,75,4.31748811353631
2004,6,0,59,4.07753744390572
2004,7,0,24,3.1780538303479458
2004,8,6,50,3.912023005428146
2004,9,13,103,4.634728988229636
2004,10,3,318,5.762051382780177
2004,11,4,611,6.415096959171596
2004,12,5,986,6.893656354602635
2004,13,14,1221,7.107425474110705
2004,14,3,1088,6.992096427415888
2004,15,9,1026,6.933423025730715
2004,16,36,939,6.844815479208263
2004,17,24,747,6.616065185132817
2004,18,26,738,6.6039438246004725
2004,19,9,592,6.3835066348840055
2004,20,5,513,6.240275845170769
2004,21,5,526,6.26530121273771
2004,22,7,1059,6.9650803456014065
2004,23,5,1035,6.942156705699469
2005,0,12,913,6.816735880594968
2005,1,20,713,6.569481420414296
2005,2,13,698,6.548219102762372
2005,3,0,514,6.2422232654551655
2005,4,0,252,5.529429087511423
2005,5,2,75,4.31748811353631
2005,6,0,59,4.07753744390572
2005,7,0,24,3.1780538303479458
2005,8,0,50,3.912023005428146
2005,9,3,103,4.634728988229636
2005,10,4,318,5.762051382780177
2005,11,11,611,6.415096959171596
2005,12,13,986,6.893656354602635
2005,13,25,1221,7.107425474110705
2005,14,11,1088,6.992096427415888
2005,15,7,1026,6.933423025730715
2005,16,6,939,6.844815479208263
2005,17,12,747,6.616065185132817
2005,18,15,738,6.6039438246004725
2005,19,8,592,6.3835066348840055
2005,20,5,513,6.240275845170769
2005,21,6,526,6.26530121273771
2005,22,6,1059,6.9650803456014065
2005,23,1,1035,6.942156705699469
2006,0,3,913,6.816735880594968
2006,1,3,713,6.569481420414296
2006,2,0,698,6.548219102762372
2006,3,0,514,6.2422232654551655
2006,4,3,252,5.529429087511423
2006,5,0,75,4.31748811353631
2006,6,0,59,4.07753744390572
2006,7,0,24,3.1780538303479458
2006,8,1,50,3.912023005428146
2006,9,2,103,4.634728988229636
2006,10,6,318,5.762051382780177
2006,11,12,611,6.415096959171596
2006,12,25,986,6.893656354602635
2006,13,27,1221,7.107425474110705
2006,14,16,1088,6.992096427415888
2006,15,11,1026,6.933423025730715
2006,16,11,939,6.844815479208263
2006,17,13,747,6.616065185132817
2006,18,11,738,6.6039438246004725
2006,19,3,592,6.3835066348840055
2006,20,6,513,6.240275845170769
2006,21,2,526,6.26530121273771
2006,22,4,1059,6.9650803456014065
2006,23,1,1035,6.942156705699469
2007,0,7,913,6.816735880594968
2007,1,5,713,6.569481420414296
2007,2,2,698,6.548219102762372
2007,3,2,514,6.2422232654551655
2007,4,1,252,5.529429087511423
2007,5,2,75,4.31748811353631
2007,6,0,59,4.07753744390572
2007,7,0,24,3.1780538303479458
2007,8,0,50,3.912023005428146
2007,9,5,103,4.634728988229636
2007,10,5,318,5.762051382780177
2007,11,12,611,6.415096959171596
2007,12,19,986,6.893656354602635
2007,13,26,1221,7.107425474110705
2007,14,17,1088,6.992096427415888
2007,15,14,1026,6.933423025730715
2007,16,30,939,6.844815479208263
2007,17,33,747,6.616065185132817
2007,18,22,738,6.6039438246004725
2007,19,21,592,6.3835066348840055
2007,20,16,513,6.240275845170769
2007,21,6,526,6.26530121273771
2007,22,11,1059,6.9650803456014065
2007,23,8,1035,6.942156705699469
2008,0,3,913,6.816735880594968
2008,1,1,713,6.569481420414296
2008,2,2,698,6.548219102762372
2008,3,1,514,6.2422232654551655
2008,4,0,252,5.529429087511423
2008,5,0,75,4.31748811353631
2008,6,0,59,4.07753744390572
2008,7,0,24,3.1780538303479458
2008,8,0,50,3.912023005428146
2008,9,0,103,4.634728988229636
2008,10,2,318,5.762051382780177
2008,11,0,611,6.415096959171596
2008,12,6,986,6.893656354602635
2008,13,10,1221,7.107425474110705
2008,14,8,1088,6.992096427415888
2008,15,7,1026,6.933423025730715
2008,16,3,939,6.844815479208263
2008,17,5,747,6.616065185132817
2008,18,8,738,6.6039438246004725
2008,19,5,592,6.3835066348840055
2008,20,4,513,6.240275845170769
2008,21,4,526,6.26530121273771
2008,22,5,1059,6.9650803456014065
2008,23,6,1035,6.942156705699469
2009,0,7,913,6.816735880594968
2009,1,5,713,6.569481420414296
2009,2,1,698,6.548219102762372
2009,3,3,514,6.2422232654551655
2009,4,0,252,5.529429087511423
2009,5,0,75,4.31748811353631
2009,6,0,59,4.07753744390572
2009,7,0,24,3.1780538303479458
2009,8,0,50,3.912023005428146
2009,9,3,103,4.634728988229636
2009,10,5,318,5.762051382780177
2009,11,6,611,6.415096959171596
2009,12,7,986,6.893656354602635
2009,13,16,1221,7.107425474110705
2009,14,6,1088,6.992096427415888
2009,15,8,1026,6.933423025730715
2009,16,17,939,6.844815479208263
2009,17,9,747,6.616065185132817
2009,18,10,738,6.6039438246004725
2009,19,9,592,6.3835066348840055
2009,20,8,513,6.240275845170769
2009,21,1,526,6.26530121273771
2009,22,6,1059,6.9650803456014065
2009,23,11,1035,6.942156705699469
2010,0,4,913,6.816735880594968
2010,1,4,713,6.569481420414296
2010,2,0,698,6.548219102762372
2010,3,0,514,6.2422232654551655
2010,4,0,252,5.529429087511423
2010,5,0,75,4.31748811353631
2010,6,0,59,4.07753744390572
2010,7,0,24,3.1780538303479458
2010,8,0,50,3.912023005428146
2010,9,2,103,4.634728988229636
2010,10,2,318,5.762051382780177
2010,11,7,611,6.415096959171596
2010,12,9,986,6.893656354602635
2010,13,18,1221,7.107425474110705
2010,14,6,1088,6.992096427415888
2010,15,6,1026,6.933423025730715
2010,16,6,939,6.844815479208263
2010,17,10,747,6.616065185132817
2010,18,13,738,6.6039438246004725
2010,19,11,592,6.3835066348840055
2010,20,6,513,6.240275845170769
2010,21,3,526,6.26530121273771
2010,22,2,1059,6.9650803456014065
2010,23,1,1035,6.942156705699469
2011,0,6,913,6.816735880594968
2011,1,1,713,6.569481420414296
2011,2,1,698,6.548219102762372
2011,3,0,514,6.2422232654551655
2011,4,1,252,5.529429087511423
2011,5,0,75,4.31748811353631
2011,6,0,59,4.07753744390572
2011,7,0,24,3.1780538303479458
2011,8,1,50,3.912023005428146
2011,9,4,103,4.634728988229636
2011,10,4,318,5.762051382780177
2011,11,5,611,6.415096959171596
2011,12,13,986,6.893656354602635
2011,13,19,1221,7.107425474110705
2011,14,13,1088,6.992096427415888
2011,15,12,1026,6.933423025730715
2011,16,12,939,6.844815479208263
2011,17,15,747,6.616065185132817
2011,18,19,738,6.6039438246004725
2011,19,4,592,6.3835066348840055
2011,20,5,513,6.240275845170769
2011,21,4,526,6.26530121273771
2011,22,3,1059,6.9650803456014065
2011,23,3,1035,6.942156705699469
2012,0,0,913,6.816735880594968
2012,1,0,713,6.569481420414296
2012,2,0,698,6.548219102762372
2012,3,0,514,6.2422232654551655
2012,4,0,252,5.529429087511423
2012,5,2,75,4.31748811353631
2012,6,0,59,4.07753744390572
2012,7,0,24,3.1780538303479458
2012,8,0,50,3.912023005428146
2012,9,6,103,4.634728988229636
2012,10,3,318,5.762051382780177
2012,11,6,611,6.415096959171596
2012,12,11,986,6.893656354602635
2012,13,8,1221,7.107425474110705
2012,14,9,1088,6.992096427415888
2012,15,6,1026,6.933423025730715
2012,16,11,939,6.844815479208263
2012,17,16,747,6.616065185132817
2012,18,16,738,6.6039438246004725
2012,19,8,592,6.3835066348840055
2012,20,4,513,6.240275845170769
2012,21,0,526,6.26530121273771
2012,22,1,1059,6.9650803456014065
2012,23,2,1035,6.942156705699469
2013,0,0,913,6.816735880594968
2013,1,0,713,6.569481420414296
2013,2,0,698,6.548219102762372
2013,3,0,514,6.2422232654551655
2013,4,0,252,5.529429087511423
2013,5,2,75,4.31748811353631
2013,6,0,59,4.07753744390572
2013,7,0,24,3.1780538303479458
2013,8,1,50,3.912023005428146
2013,9,3,103,4.634728988229636
2013,10,2,318,5.762051382780177
2013,11,10,611,6.415096959171596
2013,12,11,986,6.893656354602635
2013,13,13,1221,7.107425474110705
2013,14,15,1088,6.992096427415888
2013,15,8,1026,6.933423025730715
2013,16,13,939,6.844815479208263
2013,17,14,747,6.616065185132817
2013,18,24,738,6.6039438246004725
2013,19,8,592,6.3835066348840055
2013,20,2,513,6.240275845170769
2013,21,0,526,6.26530121273771
2013,22,2,1059,6.9650803456014065
2013,23,1,1035,6.942156705699469
2014,0,9,913,6.816735880594968
2014,1,2,713,6.569481420414296
2014,2,0,698,6.548219102762372
2014,3,0,514,6.2422232654551655
2014,4,4,252,5.529429087511423
2014,5,0,75,4.31748811353631
2014,6,1,59,4.07753744390572
2014,7,0,24,3.1780538303479458
2014,8,1,50,3.912023005428146
2014,9,4,103,4.634728988229636
2014,10,10,318,5.762051382780177
2014,11,9,611,6.415096959171596
2014,12,18,986,6.893656354602635
2014,13,31,1221,7.107425474110705
2014,14,28,1088,6.992096427415888
2014,15,33,1026,6.933423025730715
2014,16,69,939,6.844815479208263
2014,17,69,747,6.616065185132817
2014,18,70,738,6.6039438246004725
2014,19,16,592,6.3835066348840055
2014,20,12,513,6.240275845170769
2014,21,10,526,6.26530121273771
2014,22,10,1059,6.9650803456014065
2014,23,7,1035,6.942156705699469
2015,0,9,913,6.816735880594968
2015,1,8,713,6.569481420414296
2015,2,4,698,6.548219102762372
2015,3,5,514,6.2422232654551655
2015,4,0,252,5.529429087511423
2015,5,1,75,4.31748811353631
2015,6,1,59,4.07753744390572
2015,7,0,24,3.1780538303479458
2015,8,1,50,3.912023005428146
2015,9,0,103,4.634728988229636
2015,10,8,318,5.762051382780177
2015,11,10,611,6.415096959171596
2015,12,24,986,6.893656354602635
2015,13,17,1221,7.107425474110705
2015,14,24,1088,6.992096427415888
2015,15,15,1026,6.933423025730715
2015,16,15,939,6.844815479208263
2015,17,15,747,6.616065185132817
2015,18,15,738,6.6039438246004725
2015,19,15,592,6.3835066348840055
2015,20,11,513,6.240275845170769
2015,21,3,526,6.26530121273771
2015,22,21,1059,6.9650803456014065
2015,23,6,1035,6.942156705699469
2016,0,1,913,6.816735880594968
2016,1,2,713,6.569481420414296
2016,2,2,698,6.548219102762372
2016,3,0,514,6.2422232654551655
2016,4,1,252,5.529429087511423
2016,5,2,75,4.31748811353631
2016,6,0,59,4.07753744390572
2016,7,0,24,3.1780538303479458
2016,8,0,50,3.912023005428146
2016,9,1,103,4.634728988229636
2016,10,5,318,5.762051382780177
2016,11,12,611,6.415096959171596
2016,12,8,986,6.893656354602635
2016,13,14,1221,7.107425474110705
2016,14,7,1088,6.992096427415888
2016,15,5,1026,6.933423025730715
2016,16,3,939,6.844815479208263
2016,17,7,747,6.616065185132817
2016,18,12,738,6.6039438246004725
2016,19,5,592,6.3835066348840055
2016,20,2,513,6.240275845170769
2016,21,3,526,6.26530121273771
2016,22,3,1059,6.9650803456014065
2016,23,0,1035,6.942156705699469
2017,0,14,913,6.816735880594968
2017,1,2,713,6.569481420414296
2017,2,14,698,6.548219102762372
2017,3,6,514,6.2422232654551655
2017,4,1,252,5.529429087511423
2017,5,6,75,4.31748811353631
2017,6,10,59,4.07753744390572
2017,7,2,24,3.1780538303479458
2017,8,0,50,3.912023005428146
2017,9,6,103,4.634728988229636
2017,10,5,318,5.762051382780177
2017,11,9,611,6.415096959171596
2017,12,16,986,6.893656354602635
2017,13,12,1221,7.107425474110705
2017,14,22,1088,6.992096427415888
2017,15,7,1026,6.933423025730715
2017,16,20,939,6.844815479208263
2017,17,17,747,6.616065185132817
2017,18,22,738,6.6039438246004725
2017,19,15,592,6.3835066348840055
2017,20,10,513,6.240275845170769
2017,21,5,526,6.26530121273771
2017,22,13,1059,6.9650803456014065
2017,23,7,1035,6.942156705699469
2018,0,12,913,6.816735880594968
2018,1,4,713,6.569481420414296
2018,2,7,698,6.548219102762372
2018,3,4,514,6.2422232654551655
2018,4,0,252,5.529429087511423
2018,5,0,75,4.31748811353631
2018,6,0,59,4.07753744390572
2018,7,0,24,3.1780538303479458
2018,8,1,50,3.912023005428146
2018,9,4,103,4.634728988229636
2018,10,1,318,5.762051382780177
2018,11,7,611,6.415096959171596
2018,12,12,986,6.893656354602635
2018,13,15,1221,7.107425474110705
2018,14,17,1088,6.992096427415888
2018,15,16,1026,6.933423025730715
2018,16,15,939,6.844815479208263
2018,17,19,747,6.616065185132817
2018,18,17,738,6.6039438246004725
2018,19,9,592,6.3835066348840055
2018,20,10,513,6.240275845170769
2018,21,9,526,6.26530121273771
2018,22,6,1059,6.9650803456014065
2018,23,8,1035,6.942156705699469
2019,0,4,913,6.816735880594968
2019,1,1,713,6.569481420414296
2019,2,1,698,6.548219102762372
2019,3,0,514,6.2422232654551655
2019,4,0,252,5.529429087511423
2019,5,0,75,4.31748811353631
2019,6,1,59,4.07753744390572
2019,7,0,24,3.1780538303479458
2019,8,2,50,3.912023005428146
2019,9,4,103,4.634728988229636
2019,10,1,318,5.762051382780177
2019,11,12,611,6.415096959171596
2019,12,13,986,6.893656354602635
2019,13,19,1221,7.107425474110705
2019,14,17,1088,6.992096427415888
2019,15,20,1026,6.933423025730715
2019,16,14,939,6.844815479208263
2019,17,22,747,6.616065185132817
2019,18,27,738,6.6039438246004725
2019,19,11,592,6.3835066348840055
2019,20,11,513,6.240275845170769
2019,21,5,526,6.26530121273771
2019,22,14,1059,6.9650803456014065
2019,23,14,1035,6.942156705699469
2020,0,4,913,6.816735880594968
2020,1,2,713,6.569481420414296
2020,2,1,698,6.548219102762372
2020,3,1,514,6.2422232654551655
2020,4,1,252,5.529429087511423
2020,5,2,75,4.31748811353631
2020,6,1,59,4.07753744390572
2020,7,0,24,3.1780538303479458
2020,8,3,50,3.912023005428146
2020,9,7,103,4.634728988229636
2020,10,7,318,5.762051382780177
2020,11,18,611,6.415096959171596
2020,12,48,986,6.893656354602635
2020,13,36,1221,7.107425474110705
2020,14,34,1088,6.992096427415888
2020,15,22,1026,6.933423025730715
2020,16,45,939,6.844815479208263
2020,17,39,747,6.616065185132817
2020,18,58,738,6.6039438246004725
2020,19,16,592,6.3835066348840055
2020,20,8,513,6.240275845170769
2020,21,0,526,6.26530121273771
2020,22,6,1059,6.9650803456014065
2020,23,4,1035,6.942156705699469
2021,0,0,913,6.816735880594968
2021,1,2,713,6.569481420414296
2021,2,1,698,6.548219102762372
2021,3,0,514,6.2422232654551655
2021,4,0,252,5.529429087511423
2021,5,2,75,4.31748811353631
2021,6,0,59,4.07753744390572
2021,7,0,24,3.1780538303479458
2021,8,0,50,3.912023005428146
2021,9,5,103,4.634728988229636
2021,10,0,318,5.762051382780177
2021,11,0,611,6.415096959171596
2021,12,7,986,6.893656354602635
2021,13,10,1221,7.107425474110705
2021,14,9,1088,6.992096427415888
2021,15,7,1026,6.933423025730715
2021,16,19,939,6.844815479208263
2021,17,12,747,6.616065185132817
2021,18,11,738,6.6039438246004725
2021,19,5,592,6.3835066348840055
2021,20,10,513,6.240275845170769
2021,21,8,526,6.26530121273771
2021,22,4,1059,6.9650803456014065
2021,23,5,1035,6.942156705699469
2022,0,2,913,6.816735880594968
2022,1,0,713,6.569481420414296
2022,2,1,698,6.548219102762372
2022,3,0,514,6.2422232654551655
2022,4,0,252,5.529429087511423
2022,5,2,75,4.31748811353631
2022,6,0,59,4.07753744390572
2022,7,0,24,3.1780538303479458
2022,8,1,50,3.912023005428146
2022,9,4,103,4.634728988229636
2022,10,7,318,5.762051382780177
2022,11,12,611,6.415096959171596
2022,12,14,986,6.893656354602635
2022,13,10,1221,7.107425474110705
2022,14,17,1088,6.992096427415888
2022,15,13,1026,6.933423025730715
2022,16,10,939,6.844815479208263
2022,17,20,747,6.616065185132817
2022,18,29,738,6.6039438246004725
2022,19,10,592,6.3835066348840055
2022,20,3,513,6.240275845170769
2022,21,5,526,6.26530121273771
2022,22,5,1059,6.9650803456014065
2022,23,2,1035,6.942156705699469
2023,0,3,913,6.816735880594968
2023,1,12,713,6.569481420414296
2023,2,0,698,6.548219102762372
2023,3,0,514,6.2422232654551655
2023,4,0,252,5.529429087511423
2023,5,0,75,4.31748811353631
2023,6,0,59,4.07753744390572
2023,7,0,24,3.1780538303479458
2023,8,0,50,3.912023005428146
2023,9,4,103,4.634728988229636
2023,10,1,318,5.762051382780177
2023,11,9,611,6.415096959171596
2023,12,15,986,6.893656354602635
2023,13,16,1221,7.107425474110705
2023,14,11,1088,6.992096427415888
2023,15,8,1026,6.933423025730715
2023,16,11,939,6.844815479208263
2023,17,20,747,6.616065185132817
2023,18,16,738,6.6039438246004725
2023,19,15,592,6.3835066348840055
2023,20,7,513,6.240275845170769
2023,21,9,526,6.26530121273771
2023,22,8,1059,6.9650803456014065
2023,23,5,1035,6.942156705699469
2024,0,7,913,6.816735880594968
2024,1,5,713,6.569481420414296
2024,2,1,698,6.548219102762372
2024,3,0,514,6.2422232654551655
2024,4,0,252,5.529429087511423
2024,5,0,75,4.31748811353631
2024,6,0,59,4.07753744390572
2024,7,0,24,3.1780538303479458
2024,8,3,50,3.912023005428146
2024,9,4,103,4.634728988229636
2024,10,0,318,5.762051382780177
2024,11,6,611,6.415096959171596
2024,12,26,986,6.893656354602635
2024,13,22,1221,7.107425474110705
2024,14,11,1088,6.992096427415888
2024,15,7,1026,6.933423025730715
2024,16,9,939,6.844815479208263
2024,17,11,747,6.616065185132817
2024,18,24,738,6.6039438246004725
2024,19,11,592,6.3835066348840055
2024,20,6,513,6.240275845170769
2024,21,5,526,6.26530121273771
2024,22,10,1059,6.9650803456014065
2024,23,10,1035,6.942156705699469
2025,0,11,913,6.816735880594968
2025,1,14,713,6.569481420414296
2025,2,5,698,6.548219102762372
2025,3,4,514,6.2422232654551655
2025,4,3,252,5.529429087511423
2025,5,0,75,4.31748811353631
2025,6,0,59,4.07753744390572
2025,7,0,24,3.1780538303479458
2025,8,0,50,3.912023005428146
2025,9,4,103,4.634728988229636
2025,10,6,318,5.762051382780177
2025,11,8,611,6.415096959171596
2025,12,24,986,6.893656354602635
2025,13,27,1221,7.107425474110705
2025,14,13,1088,6.992096427415888
2025,15,21,1026,6.933423025730715
2025,16,18,939,6.844815479208263
2025,17,16,747,6.616065185132817
2025,18,29,738,6.6039438246004725
2025,19,25,592,6.3835066348840055
2025,20,14,513,6.240275845170769
2025,21,11,526,6.26530121273771
2025,22,16,1059,6.9650803456014065
2025,23,11,1035,6.942156705699469
2026,0,6,913,6.816735880594968
2026,1,1,713,6.569481420414296
2026,2,0,698,6.548219102762372
2026,3,2,514,6.2422232654551655
2026,4,0,252,5.529429087511423
2026,5,0,75,4.31748811353631
2026,6,0,59,4.07753744390572
2026,7,0,24,3.1780538303479458
2026,8,0,50,3.912023005428146
2026,9,9,103,4.634728988229636
2026,10,4,318,5.762051382780177
2026,11,6,611,6.415096959171596
2026,12,17,986,6.893656354602635
2026,13,25,1221,7.107425474110705
2026,14,16,1088,6.992096427415888
2026,15,9,1026,6.933423025730715
2026,16,14,939,6.844815479208263
2026,17,16,747,6.616065185132817
2026,18,20,738,6.6039438246004725
2026,19,5,592,6.3835066348840055
2026,20,8,513,6.240275845170769
2026,21,2,526,6.26530121273771
2026,22,1,1059,6.9650803456014065
2026,23,7,1035,6.942156705699469
2027,0,0,913,6.816735880594968
2027,1,2,713,6.569481420414296
2027,2,3,698,6.548219102762372
2027,3,4,514,6.2422232654551655
2027,4,0,252,5.529429087511423
2027,5,0,75,4.31748811353631
2027,6,0,59,4.07753744390572
2027,7,0,24,3.1780538303479458
2027,8,0,50,3.912023005428146
2027,9,6,103,4.634728988229636
2027,10,8,318,5.762051382780177
2027,11,10,611,6.415096959171596
2027,12,21,986,6.893656354602635
2027,13,40,1221,7.107425474110705
2027,14,23,1088,6.992096427415888
2027,15,23,1026,6.933423025730715
2027,16,28,939,6.844815479208263
2027,17,25,747,6.616065185132817
2027,18,22,738,6.6039438246004725
2027,19,14,592,6.3835066348840055
2027,20,4,513,6.240275845170769
2027,21,1,526,6.26530121273771
2027,22,6,1059,6.9650803456014065
2027,23,5,1035,6.942156705699469
2028,0,8,913,6.816735880594968
2028,1,10,713,6.569481420414296
2028,2,5,698,6.548219102762372
2028,3,8,514,6.2422232654551655
2028,4,2,252,5.529429087511423
2028,5,0,75,4.31748811353631
2028,6,1,59,4.07753744390572
2028,7,0,24,3.1780538303479458
2028,8,1,50,3.912023005428146
2028,9,6,103,4.634728988229636
2028,10,2,318,5.762051382780177
2028,11,11,611,6.415096959171596
2028,12,15,986,6.893656354602635
2028,13,21,1221,7.107425474110705
2028,14,21,1088,6.992096427415888
2028,15,18,1026,6.933423025730715
2028,16,17,939,6.844815479208263
2028,17,10,747,6.616065185132817
2028,18,13,738,6.6039438246004725
2028,19,10,592,6.3835066348840055
2028,20,8,513,6.240275845170769
2028,21,7,526,6.26530121273771
2028,22,10,1059,6.9650803456014065
2028,23,9,1035,6.942156705699469
2029,0,30,913,6.816735880594968
2029,1,37,713,6.569481420414296
2029,2,26,698,6.548219102762372
2029,3,7,514,6.2422232654551655
2029,4,5,252,5.529429087511423
2029,5,0,75,4.31748811353631
2029,6,0,59,4.07753744390572
2029,7,0,24,3.1780538303479458
2029,8,2,50,3.912023005428146
2029,9,3,103,4.634728988229636
2029,10,5,318,5.762051382780177
2029,11,9,611,6.415096959171596
2029,12,15,986,6.893656354602635
2029,13,22,1221,7.107425474110705
2029,14,16,1088,6.992096427415888
2029,15,11,1026,6.933423025730715
2029,16,20,939,6.844815479208263
2029,17,16,747,6.616065185132817
2029,18,20,738,6.6039438246004725
2029,19,16,592,6.3835066348840055
2029,20,12,513,6.240275845170769
2029,21,11,526,6.26530121273771
2029,22,33,1059,6.9650803456014065
2029,23,48,1035,6.942156705699469
2030,0,13,913,6.816735880594968
2030,1,3,713,6.569481420414296
2030,2,4,698,6.548219102762372
2030,3,1,514,6.2422232654551655
2030,4,1,252,5.529429087511423
2030,5,2,75,4.31748811353631
2030,6,1,59,4.07753744390572
2030,7,1,24,3.1780538303479458
2030,8,4,50,3.912023005428146
2030,9,5,103,4.634728988229636
2030,10,5,318,5.762051382780177
2030,11,11,611,6.415096959171596
2030,12,28,986,6.893656354602635
2030,13,29,1221,7.107425474110705
2030,14,34,1088,6.992096427415888
2030,15,12,1026,6.933423025730715
2030,16,20,939,6.844815479208263
2030,17,19,747,6.616065185132817
2030,18,24,738,6.6039438246004725
2030,19,23,592,6.3835066348840055
2030,20,7,513,6.240275845170769
2030,21,6,526,6.26530121273771
2030,22,19,1059,6.9650803456014065
2030,23,11,1035,6.942156705699469
2031,0,10,913,6.816735880594968
2031,1,5,713,6.569481420414296
2031,2,2,698,6.548219102762372
2031,3,4,514,6.2422232654551655
2031,4,2,252,5.529429087511423
2031,5,0,75,4.31748811353631
2031,6,0,59,4.07753744390572
2031,7,0,24,3.1780538303479458
2031,8,0,50,3.912023005428146
2031,9,2,103,4.634728988229636
2031,10,1,318,5.762051382780177
2031,11,9,611,6.415096959171596
2031,12,21,986,6.893656354602635
2031,13,26,1221,7.107425474110705
2031,14,18,1088,6.992096427415888
2031,15,23,1026,6.933423025730715
2031,16,14,939,6.844815479208263
2031,17,5,747,6.616065185132817
2031,18,20,738,6.6039438246004725
2031,19,6,592,6.3835066348840055
2031,20,3,513,6.240275845170769
2031,21,3,526,6.26530121273771
2031,22,8,1059,6.9650803456014065
2031,23,4,1035,6.942156705699469
2032,0,3,913,6.816735880594968
2032,1,7,713,6.569481420414296
2032,2,3,698,6.548219102762372
2032,3,2,514,6.2422232654551655
2032,4,1,252,5.529429087511423
2032,5,1,75,4.31748811353631
2032,6,0,59,4.07753744390572
2032,7,0,24,3.1780538303479458
2032,8,2,50,3.912023005428146
2032,9,13,103,4.634728988229636
2032,10,6,318,5.762051382780177
2032,11,20,611,6.415096959171596
2032,12,41,986,6.893656354602635
2032,13,61,1221,7.107425474110705
2032,14,46,1088,6.992096427415888
2032,15,36,1026,6.933423025730715
2032,16,31,939,6.844815479208263
2032,17,14,747,6.616065185132817
2032,18,38,738,6.6039438246004725
2032,19,27,592,6.3835066348840055
2032,20,21,513,6.240275845170769
2032,21,19,526,6.26530121273771
2032,22,18,1059,6.9650803456014065
2032,23,3,1035,6.942156705699469
2033,0,16,913,6.816735880594968
2033,1,14,713,6.569481420414296
2033,2,5,698,6.548219102762372
2033,3,8,514,6.2422232654551655
2033,4,2,252,5.529429087511423
2033,5,1,75,4.31748811353631
2033,6,4,59,4.07753744390572
2033,7,0,24,3.1780538303479458
2033,8,2,50,3.912023005428146
2033,9,2,103,4.634728988229636
2033,10,9,318,5.762051382780177
2033,11,14,611,6.415096959171596
2033,12,38,986,6.893656354602635
2033,13,49,1221,7.107425474110705
2033,14,34,1088,6.992096427415888
2033,15,26,1026,6.933423025730715
2033,16,29,939,6.844815479208263
2033,17,25,747,6.616065185132817
2033,18,38,738,6.6039438246004725
2033,19,27,592,6.3835066348840055
2033,20,15,513,6.240275845170769
2033,21,8,526,6.26530121273771
2033,22,12,1059,6.9650803456014065
2033,23,10,1035,6.942156705699469
2034,0,32,913,6.816735880594968
2034,1,9,713,6.569481420414296
2034,2,0,698,6.548219102762372
2034,3,0,514,6.2422232654551655
2034,4,0,252,5.529429087511423
2034,5,0,75,4.31748811353631
2034,6,0,59,4.07753744390572
2034,7,0,24,3.1780538303479458
2034,8,0,50,3.912023005428146
2034,9,5,103,4.634728988229636
2034,10,5,318,5.762051382780177
2034,11,9,611,6.415096959171596
2034,12,22,986,6.893656354602635
2034,13,24,1221,7.107425474110705
2034,14,11,1088,6.992096427415888
2034,15,23,1026,6.933423025730715
2034,16,25,939,6.844815479208263
2034,17,29,747,6.616065185132817
2034,18,36,738,6.6039438246004725
2034,19,41,592,6.3835066348840055
2034,20,31,513,6.240275845170769
2034,21,13,526,6.26530121273771
2034,22,33,1059,6.9650803456014065
2034,23,40,1035,6.942156705699469
2035,0,10,913,6.816735880594968
2035,1,4,713,6.569481420414296
2035,2,3,698,6.548219102762372
2035,3,2,514,6.2422232654551655
2035,4,1,252,5.529429087511423
2035,5,0,75,4.31748811353631
2035,6,0,59,4.07753744390572
2035,7,1,24,3.1780538303479458
2035,8,1,50,3.912023005428146
2035,9,1,103,4.634728988229636
2035,10,3,318,5.762051382780177
2035,11,11,611,6.415096959171596
2035,12,18,986,6.893656354602635
2035,13,16,1221,7.107425474110705
2035,14,12,1088,6.992096427415888
2035,15,16,1026,6.933423025730715
2035,16,12,939,6.844815479208263
2035,17,10,747,6.616065185132817
2035,18,21,738,6.6039438246004725
2035,19,12,592,6.3835066348840055
2035,20,13,513,6.240275845170769
2035,21,14,526,6.26530121273771
2035,22,8,1059,6.9650803456014065
2035,23,15,1035,6.942156705699469
2036,0,6,913,6.816735880594968
2036,1,3,713,6.569481420414296
2036,2,1,698,6.548219102762372
2036,3,1,514,6.2422232654551655
2036,4,1,252,5.529429087511423
2036,5,0,75,4.31748811353631
2036,6,0,59,4.07753744390572
2036,7,0,24,3.1780538303479458
2036,8,1,50,3.912023005428146
2036,9,3,103,4.634728988229636
2036,10,4,318,5.762051382780177
2036,11,9,611,6.415096959171596
2036,12,13,986,6.893656354602635
2036,13,14,1221,7.107425474110705
2036,14,13,1088,6.992096427415888
2036,15,12,1026,6.933423025730715
2036,16,13,939,6.844815479208263
2036,17,13,747,6.616065185132817
2036,18,27,738,6.6039438246004725
2036,19,11,592,6.3835066348840055
2036,20,6,513,6.240275845170769
2036,21,2,526,6.26530121273771
2036,22,10,1059,6.9650803456014065
2036,23,10,1035,6.942156705699469
2037,0,3,913,6.816735880594968
2037,1,1,713,6.569481420414296
2037,2,1,698,6.548219102762372
2037,3,1,514,6.2422232654551655
2037,4,0,252,5.529429087511423
2037,5,0,75,4.31748811353631
2037,6,0,59,4.07753744390572
2037,7,0,24,3.1780538303479458
2037,8,0,50,3.912023005428146
2037,9,4,103,4.634728988229636
2037,10,3,318,5.762051382780177
2037,11,8,611,6.415096959171596
2037,12,10,986,6.893656354602635
2037,13,19,1221,7.107425474110705
2037,14,20,1088,6.992096427415888
2037,15,7,1026,6.933423025730715
2037,16,10,939,6.844815479208263
2037,17,24,747,6.616065185132817
2037,18,21,738,6.6039438246004725
2037,19,10,592,6.3835066348840055
2037,20,9,513,6.240275845170769
2037,21,5,526,6.26530121273771
2037,22,10,1059,6.9650803456014065
2037,23,5,1035,6.942156705699469
2038,0,67,913,6.816735880594968
2038,1,53,713,6.569481420414296
2038,2,40,698,6.548219102762372
2038,3,19,514,6.2422232654551655
2038,4,8,252,5.529429087511423
2038,5,2,75,4.31748811353631
2038,6,7,59,4.07753744390572
2038,7,1,24,3.1780538303479458
2038,8,2,50,3.912023005428146
2038,9,12,103,4.634728988229636
2038,10,15,318,5.762051382780177
2038,11,59,611,6.415096959171596
2038,12,78,986,6.893656354602635
2038,13,105,1221,7.107425474110705
2038,14,67,1088,6.992096427415888
2038,15,74,1026,6.933423025730715
2038,16,53,939,6.844815479208263
2038,17,42,747,6.616065185132817
2038,18,82,738,6.6039438246004725
2038,19,39,592,6.3835066348840055
2038,20,33,513,6.240275845170769
2038,21,25,526,6.26530121273771
2038,22,78,1059,6.9650803456014065
2038,23,65,1035,6.942156705699469
2039,0,166,913,6.816735880594968
2039,1,114,713,6.569481420414296
2039,2,94,698,6.548219102762372
2039,3,79,514,6.2422232654551655
2039,4,49,252,5.529429087511423
2039,5,16,75,4.31748811353631
2039,6,15,59,4.07753744390572
2039,7,9,24,3.1780538303479458
2039,8,30,50,3.912023005428146
2039,9,14,103,4.634728988229636
2039,10,65,318,5.762051382780177
2039,11,85,611,6.415096959171596
2039,12,183,986,6.893656354602635
2039,13,250,1221,7.107425474110705
2039,14,222,1088,6.992096427415888
2039,15,227,1026,6.933423025730715
2039,16,168,939,6.844815479208263
2039,17,172,747,6.616065185132817
2039,18,179,738,6.6039438246004725
2039,19,102,592,6.3835066348840055
2039,20,80,513,6.240275845170769
2039,21,94,526,6.26530121273771
2039,22,216,1059,6.9650803456014065
2039,23,175,1035,6.942156705699469
2040,0,8,913,6.816735880594968
2040,1,6,713,6.569481420414296
2040,2,4,698,6.548219102762372
2040,3,5,514,6.2422232654551655
2040,4,3,252,5.529429087511423
2040,5,0,75,4.31748811353631
2040,6,0,59,4.07753744390572
2040,7,0,24,3.1780538303479458
2040,8,1,50,3.912023005428146
2040,9,4,103,4.634728988229636
2040,10,3,318,5.762051382780177
2040,11,3,611,6.415096959171596
2040,12,17,986,6.893656354602635
2040,13,23,1221,7.107425474110705
2040,14,9,1088,6.992096427415888
2040,15,9,1026,6.933423025730715
2040,16,15,939,6.844815479208263
2040,17,13,747,6.616065185132817
2040,18,19,738,6.6039438246004725
2040,19,8,592,6.3835066348840055
2040,20,9,513,6.240275845170769
2040,21,3,526,6.26530121273771
2040,22,11,1059,6.9650803456014065
2040,23,3,1035,6.942156705699469
2041,0,1,913,6.816735880594968
2041,1,0,713,6.569481420414296
2041,2,4,698,6.548219102762372
2041,3,5,514,6.2422232654551655
2041,4,1,252,5.529429087511423
2041,5,0,75,4.31748811353631
2041,6,0,59,4.07753744390572
2041,7,0,24,3.1780538303479458
2041,8,0,50,3.912023005428146
2041,9,0,103,4.634728988229636
2041,10,1,318,5.762051382780177
2041,11,8,611,6.415096959171596
2041,12,8,986,6.893656354602635
2041,13,10,1221,7.107425474110705
2041,14,7,1088,6.992096427415888
2041,15,14,1026,6.933423025730715
2041,16,17,939,6.844815479208263
2041,17,12,747,6.616065185132817
2041,18,9,738,6.6039438246004725
2041,19,9,592,6.3835066348840055
2041,20,4,513,6.240275845170769
2041,21,1,526,6.26530121273771
2041,22,2,1059,6.9650803456014065
2041,23,12,1035,6.942156705699469
2042,0,7,913,6.816735880594968
2042,1,5,713,6.569481420414296
2042,2,2,698,6.548219102762372
2042,3,6,514,6.2422232654551655
2042,4,2,252,5.529429087511423
2042,5,0,75,4.31748811353631
2042,6,0,59,4.07753744390572
2042,7,0,24,3.1780538303479458
2042,8,0,50,3.912023005428146
2042,9,4,103,4.634728988229636
2042,10,8,318,5.762051382780177
2042,11,5,611,6.415096959171596
2042,12,12,986,6.893656354602635
2042,13,19,1221,7.107425474110705
2042,14,10,1088,6.992096427415888
2042,15,10,1026,6.933423025730715
2042,16,8,939,6.844815479208263
2042,17,7,747,6.616065185132817
2042,18,21,738,6.6039438246004725
2042,19,16,592,6.3835066348840055
2042,20,12,513,6.240275845170769
2042,21,8,526,6.26530121273771
2042,22,9,1059,6.9650803456014065
2042,23,15,1035,6.942156705699469
2043,0,32,913,6.816735880594968
2043,1,18,713,6.569481420414296
2043,2,18,698,6.548219102762372
2043,3,14,514,6.2422232654551655
2043,4,6,252,5.529429087511423
2043,5,0,75,4.31748811353631
2043,6,0,59,4.07753744390572
2043,7,0,24,3.1780538303479458
2043,8,1,50,3.912023005428146
2043,9,2,103,4.634728988229636
2043,10,8,318,5.762051382780177
2043,11,17,611,6.415096959171596
2043,12,28,986,6.893656354602635
2043,13,41,1221,7.107425474110705
2043,14,19,1088,6.992096427415888
2043,15,13,1026,6.933423025730715
2043,16,17,939,6.844815479208263
2043,17,10,747,6.616065185132817
2043,18,23,738,6.6039438246004725
2043,19,16,592,6.3835066348840055
2043,20,10,513,6.240275845170769
2043,21,6,526,6.26530121273771
2043,22,24,1059,6.9650803456014065
2043,23,23,1035,6.942156705699469
2044,0,145,913,6.816735880594968
2044,1,166,713,6.569481420414296
2044,2,142,698,6.548219102762372
2044,3,153,514,6.2422232654551655
2044,4,48,252,5.529429087511423
2044,5,23,75,4.31748811353631
2044,6,13,59,4.07753744390572
2044,7,9,24,3.1780538303479458
2044,8,2,50,3.912023005428146
2044,9,3,103,4.634728988229636
2044,10,58,318,5.762051382780177
2044,11,44,611,6.415096959171596
2044,12,120,986,6.893656354602635
2044,13,201,1221,7.107425474110705
2044,14,180,1088,6.992096427415888
2044,15,167,1026,6.933423025730715
2044,16,170,939,6.844815479208263
2044,17,124,747,6.616065185132817
2044,18,176,738,6.6039438246004725
2044,19,126,592,6.3835066348840055
2044,20,109,513,6.240275845170769
2044,21,115,526,6.26530121273771
2044,22,231,1059,6.9650803456014065
2044,23,184,1035,6.942156705699469
2045,0,204,913,6.816735880594968
2045,1,196,713,6.569481420414296
2045,2,231,698,6.548219102762372
2045,3,165,514,6.2422232654551655
2045,4,65,252,5.529429087511423
2045,5,20,75,4.31748811353631
2045,6,18,59,4.07753744390572
2045,7,7,24,3.1780538303479458
2045,8,3,50,3.912023005428146
2045,9,7,103,4.634728988229636
2045,10,20,318,5.762051382780177
2045,11,75,611,6.415096959171596
2045,12,179,986,6.893656354602635
2045,13,241,1221,7.107425474110705
2045,14,233,1088,6.992096427415888
2045,15,226,1026,6.933423025730715
2045,16,166,939,6.844815479208263
2045,17,148,747,6.616065185132817
2045,18,128,738,6.6039438246004725
2045,19,133,592,6.3835066348840055
2045,20,198,513,6.240275845170769
2045,21,164,526,6.26530121273771
2045,22,267,1059,6.9650803456014065
2045,23,267,1035,6.942156705699469
2046,0,5,913,6.816735880594968
2046,1,1,713,6.569481420414296
2046,2,0,698,6.548219102762372
2046,3,5,514,6.2422232654551655
2046,4,2,252,5.529429087511423
2046,5,2,75,4.31748811353631
2046,6,1,59,4.07753744390572
2046,7,0,24,3.1780538303479458
2046,8,1,50,3.912023005428146
2046,9,2,103,4.634728988229636
2046,10,1,318,5.762051382780177
2046,11,12,611,6.415096959171596
2046,12,8,986,6.893656354602635
2046,13,16,1221,7.107425474110705
2046,14,15,1088,6.992096427415888
2046,15,9,1026,6.933423025730715
2046,16,7,939,6.844815479208263
2046,17,2,747,6.616065185132817
2046,18,13,738,6.6039438246004725
2046,19,11,592,6.3835066348840055
2046,20,6,513,6.240275845170769
2046,21,3,526,6.26530121273771
2046,22,7,1059,6.9650803456014065
2046,23,8,1035,6.942156705699469
2047,0,7,913,6.816735880594968
2047,1,7,713,6.569481420414296
2047,2,1,698,6.548219102762372
2047,3,3,514,6.2422232654551655
2047,4,7,252,5.529429087511423
2047,5,2,75,4.31748811353631
2047,6,1,59,4.07753744390572
2047,7,0,24,3.1780538303479458
2047,8,0,50,3.912023005428146
2047,9,1,103,4.634728988229636
2047,10,3,318,5.762051382780177
2047,11,3,611,6.415096959171596
2047,12,19,986,6.893656354602635
2047,13,25,1221,7.107425474110705
2047,14,19,1088,6.992096427415888
2047,15,22,1026,6.933423025730715
2047,16,10,939,6.844815479208263
2047,17,21,747,6.616065185132817
2047,18,16,738,6.6039438246004725
2047,19,12,592,6.3835066348840055
2047,20,9,513,6.240275845170769
2047,21,5,526,6.26530121273771
2047,22,18,1059,6.9650803456014065
2047,23,12,1035,6.942156705699469
2048,0,5,913,6.816735880594968
2048,1,3,713,6.569481420414296
2048,2,0,698,6.548219102762372
2048,3,2,514,6.2422232654551655
2048,4,0,252,5.529429087511423
2048,5,0,75,4.31748811353631
2048,6,0,59,4.07753744390572
2048,7,0,24,3.1780538303479458
2048,8,1,50,3.912023005428146
2048,9,2,103,4.634728988229636
2048,10,5,318,5.762051382780177
2048,11,3,611,6.415096959171596
2048,12,7,986,6.893656354602635
2048,13,13,1221,7.107425474110705
2048,14,7,1088,6.992096427415888
2048,15,13,1026,6.933423025730715
2048,16,11,939,6.844815479208263
2048,17,13,747,6.616065185132817
2048,18,9,738,6.6039438246004725
2048,19,5,592,6.3835066348840055
2048,20,4,513,6.240275845170769
2048,21,3,526,6.26530121273771
2048,22,6,1059,6.9650803456014065
2048,23,2,1035,6.942156705699469
2049,0,8,913,6.816735880594968
2049,1,5,713,6.569481420414296
2049,2,4,698,6.548219102762372
2049,3,9,514,6.2422232654551655
2049,4,3,252,5.529429087511423
2049,5,0,75,4.31748811353631
2049,6,0,59,4.07753744390572
2049,7,0,24,3.1780538303479458
2049,8,0,50,3.912023005428146
2049,9,2,103,4.634728988229636
2049,10,3,318,5.762051382780177
2049,11,8,611,6.415096959171596
2049,12,18,986,6.893656354602635
2049,13,18,1221,7.107425474110705
2049,14,8,1088,6.992096427415888
2049,15,16,1026,6.933423025730715
2049,16,16,939,6.844815479208263
2049,17,10,747,6.616065185132817
2049,18,17,738,6.6039438246004725
2049,19,12,592,6.3835066348840055
2049,20,5,513,6.240275845170769
2049,21,3,526,6.26530121273771
2049,22,10,1059,6.9650803456014065
2049,23,9,1035,6.942156705699469
2050,0,48,913,6.816735880594968
2050,1,42,713,6.569481420414296
2050,2,30,698,6.548219102762372
2050,3,35,514,6.2422232654551655
2050,4,12,252,5.529429087511423
2050,5,10,75,4.31748811353631
2050,6,8,59,4.07753744390572
2050,7,1,24,3.1780538303479458
2050,8,4,50,3.912023005428146
2050,9,7,103,4.634728988229636
2050,10,11,318,5.762051382780177
2050,11,17,611,6.415096959171596
2050,12,46,986,6.893656354602635
2050,13,71,1221,7.107425474110705
2050,14,59,1088,6.992096427415888
2050,15,63,1026,6.933423025730715
2050,16,57,939,6.844815479208263
2050,17,38,747,6.616065185132817
2050,18,53,738,6.6039438246004725
2050,19,37,592,6.3835066348840055
2050,20,19,513,6.240275845170769
2050,21,27,526,6.26530121273771
2050,22,48,1059,6.9650803456014065
2050,23,47,1035,6.942156705699469
2051,0,15,913,6.816735880594968
2051,1,1,713,6.569481420414296
2051,2,6,698,6.548219102762372
2051,3,4,514,6.2422232654551655
2051,4,5,252,5.529429087511423
2051,5,4,75,4.31748811353631
2051,6,0,59,4.07753744390572
2051,7,0,24,3.1780538303479458
2051,8,2,50,3.912023005428146
2051,9,1,103,4.634728988229636
2051,10,3,318,5.762051382780177
2051,11,6,611,6.415096959171596
2051,12,16,986,6.893656354602635
2051,13,14,1221,7.107425474110705
2051,14,13,1088,6.992096427415888
2051,15,18,1026,6.933423025730715
2051,16,16,939,6.844815479208263
2051,17,25,747,6.616065185132817
2051,18,19,738,6.6039438246004725
2051,19,10,592,6.3835066348840055
2051,20,4,513,6.240275845170769
2051,21,8,526,6.26530121273771
2051,22,7,1059,6.9650803456014065
2051,23,9,1035,6.942156705699469
2052,0,7,913,6.816735880594968
2052,1,5,713,6.569481420414296
2052,2,4,698,6.548219102762372
2052,3,6,514,6.2422232654551655
2052,4,1,252,5.529429087511423
2052,5,0,75,4.31748811353631
2052,6,2,59,4.07753744390572
2052,7,1,24,3.1780538303479458
2052,8,0,50,3.912023005428146
2052,9,1,103,4.634728988229636
2052,10,4,318,5.762051382780177
2052,11,9,611,6.415096959171596
2052,12,16,986,6.893656354602635
2052,13,18,1221,7.107425474110705
2052,14,12,1088,6.992096427415888
2052,15,8,1026,6.933423025730715
2052,16,14,939,6.844815479208263
2052,17,12,747,6.616065185132817
2052,18,15,738,6.6039438246004725
2052,19,9,592,6.3835066348840055
2052,20,13,513,6.240275845170769
2052,21,1,526,6.26530121273771
2052,22,13,1059,6.9650803456014065
2052,23,8,1035,6.942156705699469
2053,0,25,913,6.816735880594968
2053,1,15,713,6.569481420414296
2053,2,11,698,6.548219102762372
2053,3,6,514,6.2422232654551655
2053,4,1,252,5.529429087511423
2053,5,2,75,4.31748811353631
2053,6,0,59,4.07753744390572
2053,7,0,24,3.1780538303479458
2053,8,1,50,3.912023005428146
2053,9,4,103,4.634728988229636
2053,10,7,318,5.762051382780177
2053,11,28,611,6.415096959171596
2053,12,28,986,6.893656354602635
2053,13,30,1221,7.107425474110705
2053,14,28,1088,6.992096427415888
2053,15,19,1026,6.933423025730715
2053,16,26,939,6.844815479208263
2053,17,20,747,6.616065185132817
2053,18,29,738,6.6039438246004725
2053,19,15,592,6.3835066348840055
2053,20,8,513,6.240275845170769
2053,21,14,526,6.26530121273771
2053,22,17,1059,6.9650803456014065
2053,23,15,1035,6.942156705699469
2054,0,23,913,6.816735880594968
2054,1,15,713,6.569481420414296
2054,2,13,698,6.548219102762372
2054,3,8,514,6.2422232654551655
2054,4,3,252,5.529429087511423
2054,5,1,75,4.31748811353631
2054,6,0,59,4.07753744390572
2054,7,2,24,3.1780538303479458
2054,8,0,50,3.912023005428146
2054,9,0,103,4.634728988229636
2054,10,8,318,5.762051382780177
2054,11,16,611,6.415096959171596
2054,12,15,986,6.893656354602635
2054,13,28,1221,7.107425474110705
2054,14,8,1088,6.992096427415888
2054,15,11,1026,6.933423025730715
2054,16,21,939,6.844815479208263
2054,17,17,747,6.616065185132817
2054,18,24,738,6.6039438246004725
2054,19,19,592,6.3835066348840055
2054,20,14,513,6.240275845170769
2054,21,11,526,6.26530121273771
2054,22,50,1059,6.9650803456014065
2054,23,44,1035,6.942156705699469
2055,0,4,913,6.816735880594968
2055,1,6,713,6.569481420414296
2055,2,2,698,6.548219102762372
2055,3,4,514,6.2422232654551655
2055,4,0,252,5.529429087511423
2055,5,0,75,4.31748811353631
2055,6,0,59,4.07753744390572
2055,7,0,24,3.1780538303479458
2055,8,2,50,3.912023005428146
2055,9,2,103,4.634728988229636
2055,10,1,318,5.762051382780177
2055,11,2,611,6.415096959171596
2055,12,8,986,6.893656354602635
2055,13,7,1221,7.107425474110705
2055,14,8,1088,6.992096427415888
2055,15,10,1026,6.933423025730715
2055,16,13,939,6.844815479208263
2055,17,6,747,6.616065185132817
2055,18,6,738,6.6039438246004725
2055,19,9,592,6.3835066348840055
2055,20,6,513,6.240275845170769
2055,21,4,526,6.26530121273771
2055,22,7,1059,6.9650803456014065
2055,23,10,1035,6.942156705699469
2056,0,46,913,6.816735880594968
2056,1,34,713,6.569481420414296
2056,2,43,698,6.548219102762372
2056,3,19,514,6.2422232654551655
2056,4,10,252,5.529429087511423
2056,5,3,75,4.31748811353631
2056,6,1,59,4.07753744390572
2056,7,1,24,3.1780538303479458
2056,8,0,50,3.912023005428146
2056,9,1,103,4.634728988229636
2056,10,10,318,5.762051382780177
2056,11,20,611,6.415096959171596
2056,12,37,986,6.893656354602635
2056,13,34,1221,7.107425474110705
2056,14,40,1088,6.992096427415888
2056,15,20,1026,6.933423025730715
2056,16,31,939,6.844815479208263
2056,17,36,747,6.616065185132817
2056,18,22,738,6.6039438246004725
2056,19,21,592,6.3835066348840055
2056,20,16,513,6.240275845170769
2056,21,19,526,6.26530121273771
2056,22,47,1059,6.9650803456014065
2056,23,47,1035,6.942156705699469
2057,0,15,913,6.816735880594968
2057,1,4,713,6.569481420414296
2057,2,5,698,6.548219102762372
2057,3,4,514,6.2422232654551655
2057,4,0,252,5.529429087511423
2057,5,1,75,4.31748811353631
2057,6,2,59,4.07753744390572
2057,7,0,24,3.1780538303479458
2057,8,0,50,3.912023005428146
2057,9,6,103,4.634728988229636
2057,10,6,318,5.762051382780177
2057,11,5,611,6.415096959171596
2057,12,15,986,6.893656354602635
2057,13,23,1221,7.107425474110705
2057,14,19,1088,6.992096427415888
2057,15,17,1026,6.933423025730715
2057,16,16,939,6.844815479208263
2057,17,17,747,6.616065185132817
2057,18,35,738,6.6039438246004725
2057,19,9,592,6.3835066348840055
2057,20,11,513,6.240275845170769
2057,21,8,526,6.26530121273771
2057,22,17,1059,6.9650803456014065
2057,23,19,1035,6.942156705699469
2058,0,12,913,6.816735880594968
2058,1,5,713,6.569481420414296
2058,2,1,698,6.548219102762372
2058,3,8,514,6.2422232654551655
2058,4,5,252,5.529429087511423
2058,5,2,75,4.31748811353631
2058,6,0,59,4.07753744390572
2058,7,0,24,3.1780538303479458
2058,8,2,50,3.912023005428146
2058,9,6,103,4.634728988229636
2058,10,2,318,5.762051382780177
2058,11,5,611,6.415096959171596
2058,12,8,986,6.893656354602635
2058,13,26,1221,7.107425474110705
2058,14,12,1088,6.992096427415888
2058,15,11,1026,6.933423025730715
2058,16,16,939,6.844815479208263
2058,17,8,747,6.616065185132817
2058,18,17,738,6.6039438246004725
2058,19,19,592,6.3835066348840055
2058,20,8,513,6.240275845170769
2058,21,8,526,6.26530121273771
2058,22,7,1059,6.9650803456014065
2058,23,10,1035,6.942156705699469
2059,0,5,913,6.816735880594968
2059,1,0,713,6.569481420414296
2059,2,1,698,6.548219102762372
2059,3,2,514,6.2422232654551655
2059,4,1,252,5.529429087511423
2059,5,0,75,4.31748811353631
2059,6,0,59,4.07753744390572
2059,7,0,24,3.1780538303479458
2059,8,0,50,3.912023005428146
2059,9,4,103,4.634728988229636
2059,10,1,318,5.762051382780177
2059,11,2,611,6.415096959171596
2059,12,3,986,6.893656354602635
2059,13,13,1221,7.107425474110705
2059,14,10,1088,6.992096427415888
2059,15,5,1026,6.933423025730715
2059,16,8,939,6.844815479208263
2059,17,1,747,6.616065185132817
2059,18,14,738,6.6039438246004725
2059,19,6,592,6.3835066348840055
2059,20,9,513,6.240275845170769
2059,21,4,526,6.26530121273771
2059,22,4,1059,6.9650803456014065
2059,23,3,1035,6.942156705699469
2060,0,9,913,6.816735880594968
2060,1,4,713,6.569481420414296
2060,2,5,698,6.548219102762372
2060,3,5,514,6.2422232654551655
2060,4,0,252,5.529429087511423
2060,5,2,75,4.31748811353631
2060,6,0,59,4.07753744390572
2060,7,0,24,3.1780538303479458
2060,8,1,50,3.912023005428146
2060,9,1,103,4.634728988229636
2060,10,6,318,5.762051382780177
2060,11,2,611,6.415096959171596
2060,12,13,986,6.893656354602635
2060,13,17,1221,7.107425474110705
2060,14,19,1088,6.992096427415888
2060,15,10,1026,6.933423025730715
2060,16,10,939,6.844815479208263
2060,17,14,747,6.616065185132817
2060,18,21,738,6.6039438246004725
2060,19,8,592,6.3835066348840055
2060,20,12,513,6.240275845170769
2060,21,10,526,6.26530121273771
2060,22,20,1059,6.9650803456014065
2060,23,18,1035,6.942156705699469
2061,0,6,913,6.816735880594968
2061,1,3,713,6.569481420414296
2061,2,5,698,6.548219102762372
2061,3,1,514,6.2422232654551655
2061,4,1,252,5.529429087511423
2061,5,0,75,4.31748811353631
2061,6,0,59,4.07753744390572
2061,7,0,24,3.1780538303479458
2061,8,0,50,3.912023005428146
2061,9,1,103,4.634728988229636
2061,10,4,318,5.762051382780177
2061,11,2,611,6.415096959171596
2061,12,13,986,6.893656354602635
2061,13,15,1221,7.107425474110705
2061,14,5,1088,6.992096427415888
2061,15,12,1026,6.933423025730715
2061,16,12,939,6.844815479208263
2061,17,8,747,6.616065185132817
2061,18,10,738,6.6039438246004725
2061,19,8,592,6.3835066348840055
2061,20,6,513,6.240275845170769
2061,21,3,526,6.26530121273771
2061,22,11,1059,6.9650803456014065
2061,23,5,1035,6.942156705699469
2062,0,25,913,6.816735880594968
2062,1,12,713,6.569481420414296
2062,2,7,698,6.548219102762372
2062,3,4,514,6.2422232654551655
2062,4,2,252,5.529429087511423
2062,5,7,75,4.31748811353631
2062,6,6,59,4.07753744390572
2062,7,4,24,3.1780538303479458
2062,8,1,50,3.912023005428146
2062,9,2,103,4.634728988229636
2062,10,12,318,5.762051382780177
2062,11,7,611,6.415096959171596
2062,12,38,986,6.893656354602635
2062,13,39,1221,7.107425474110705
2062,14,28,1088,6.992096427415888
2062,15,24,1026,6.933423025730715
2062,16,20,939,6.844815479208263
2062,17,16,747,6.616065185132817
2062,18,17,738,6.6039438246004725
2062,19,11,592,6.3835066348840055
2062,20,6,513,6.240275845170769
2062,21,9,526,6.26530121273771
2062,22,13,1059,6.9650803456014065
2062,23,21,1035,6.942156705699469
2063,0,5,913,6.816735880594968
2063,1,11,713,6.569481420414296
2063,2,1,698,6.548219102762372
2063,3,1,514,6.2422232654551655
2063,4,4,252,5.529429087511423
2063,5,3,75,4.31748811353631
2063,6,2,59,4.07753744390572
2063,7,0,24,3.1780538303479458
2063,8,0,50,3.912023005428146
2063,9,1,103,4.634728988229636
2063,10,3,318,5.762051382780177
2063,11,3,611,6.415096959171596
2063,12,8,986,6.893656354602635
2063,13,19,1221,7.107425474110705
2063,14,14,1088,6.992096427415888
2063,15,22,1026,6.933423025730715
2063,16,12,939,6.844815479208263
2063,17,14,747,6.616065185132817
2063,18,19,738,6.6039438246004725
2063,19,7,592,6.3835066348840055
2063,20,5,513,6.240275845170769
2063,21,8,526,6.26530121273771
2063,22,6,1059,6.9650803456014065
2063,23,10,1035,6.942156705699469
2064,0,6,913,6.816735880594968
2064,1,6,713,6.569481420414296
2064,2,0,698,6.548219102762372
2064,3,3,514,6.2422232654551655
2064,4,1,252,5.529429087511423
2064,5,2,75,4.31748811353631
2064,6,0,59,4.07753744390572
2064,7,0,24,3.1780538303479458
2064,8,0,50,3.912023005428146
2064,9,0,103,4.634728988229636
2064,10,1,318,5.762051382780177
2064,11,4,611,6.415096959171596
2064,12,13,986,6.893656354602635
2064,13,8,1221,7.107425474110705
2064,14,14,1088,6.992096427415888
2064,15,16,1026,6.933423025730715
2064,16,8,939,6.844815479208263
2064,17,9,747,6.616065185132817
2064,18,19,738,6.6039438246004725
2064,19,13,592,6.3835066348840055
2064,20,7,513,6.240275845170769
2064,21,11,526,6.26530121273771
2064,22,13,1059,6.9650803456014065
2064,23,12,1035,6.942156705699469
2065,0,4,913,6.816735880594968
2065,1,3,713,6.569481420414296
2065,2,3,698,6.548219102762372
2065,3,6,514,6.2422232654551655
2065,4,2,252,5.529429087511423
2065,5,0,75,4.31748811353631
2065,6,1,59,4.07753744390572
2065,7,1,24,3.1780538303479458
2065,8,0,50,3.912023005428146
2065,9,2,103,4.634728988229636
2065,10,2,318,5.762051382780177
2065,11,6,611,6.415096959171596
2065,12,15,986,6.893656354602635
2065,13,9,1221,7.107425474110705
2065,14,8,1088,6.992096427415888
2065,15,16,1026,6.933423025730715
2065,16,10,939,6.844815479208263
2065,17,4,747,6.616065185132817
2065,18,11,738,6.6039438246004725
2065,19,6,592,6.3835066348840055
2065,20,7,513,6.240275845170769
2065,21,4,526,6.26530121273771
2065,22,7,1059,6.9650803456014065
2065,23,11,1035,6.942156705699469
2066,0,5,913,6.816735880594968
2066,1,16,713,6.569481420414296
2066,2,6,698,6.548219102762372
2066,3,4,514,6.2422232654551655
2066,4,1,252,5.529429087511423
2066,5,2,75,4.31748811353631
2066,6,0,59,4.07753744390572
2066,7,1,24,3.1780538303479458
2066,8,2,50,3.912023005428146
2066,9,0,103,4.634728988229636
2066,10,3,318,5.762051382780177
2066,11,5,611,6.415096959171596
2066,12,27,986,6.893656354602635
2066,13,18,1221,7.107425474110705
2066,14,21,1088,6.992096427415888
2066,15,24,1026,6.933423025730715
2066,16,23,939,6.844815479208263
2066,17,9,747,6.616065185132817
2066,18,16,738,6.6039438246004725
2066,19,14,592,6.3835066348840055
2066,20,9,513,6.240275845170769
2066,21,17,526,6.26530121273771
2066,22,13,1059,6.9650803456014065
2066,23,14,1035,6.942156705699469
2067,0,4,913,6.816735880594968
2067,1,2,713,6.569481420414296
2067,2,2,698,6.548219102762372
2067,3,2,514,6.2422232654551655
2067,4,1,252,5.529429087511423
2067,5,0,75,4.31748811353631
2067,6,0,59,4.07753744390572
2067,7,0,24,3.1780538303479458
2067,8,0,50,3.912023005428146
2067,9,3,103,4.634728988229636
2067,10,11,318,5.762051382780177
2067,11,6,611,6.415096959171596
2067,12,10,986,6.893656354602635
2067,13,22,1221,7.107425474110705
2067,14,15,1088,6.992096427415888
2067,15,11,1026,6.933423025730715
2067,16,28,939,6.844815479208263
2067,17,13,747,6.616065185132817
2067,18,25,738,6.6039438246004725
2067,19,11,592,6.3835066348840055
2067,20,7,513,6.240275845170769
2067,21,1,526,6.26530121273771
2067,22,8,1059,6.9650803456014065
2067,23,5,1035,6.942156705699469
2068,0,19,913,6.816735880594968
2068,1,9,713,6.569481420414296
2068,2,6,698,6.548219102762372
2068,3,4,514,6.2422232654551655
2068,4,2,252,5.529429087511423
2068,5,0,75,4.31748811353631
2068,6,0,59,4.07753744390572
2068,7,2,24,3.1780538303479458
2068,8,0,50,3.912023005428146
2068,9,5,103,4.634728988229636
2068,10,12,318,5.762051382780177
2068,11,9,611,6.415096959171596
2068,12,24,986,6.893656354602635
2068,13,22,1221,7.107425474110705
2068,14,22,1088,6.992096427415888
2068,15,22,1026,6.933423025730715
2068,16,14,939,6.844815479208263
2068,17,10,747,6.616065185132817
2068,18,17,738,6.6039438246004725
2068,19,16,592,6.3835066348840055
2068,20,17,513,6.240275845170769
2068,21,14,526,6.26530121273771
2068,22,22,1059,6.9650803456014065
2068,23,13,1035,6.942156705699469
2069,0,9,913,6.816735880594968
2069,1,4,713,6.569481420414296
2069,2,3,698,6.548219102762372
2069,3,4,514,6.2422232654551655
2069,4,1,252,5.529429087511423
2069,5,0,75,4.31748811353631
2069,6,0,59,4.07753744390572
2069,7,0,24,3.1780538303479458
2069,8,2,50,3.912023005428146
2069,9,6,103,4.634728988229636
2069,10,10,318,5.762051382780177
2069,11,10,611,6.415096959171596
2069,12,30,986,6.893656354602635
2069,13,26,1221,7.107425474110705
2069,14,23,1088,6.992096427415888
2069,15,23,1026,6.933423025730715
2069,16,25,939,6.844815479208263
2069,17,12,747,6.616065185132817
2069,18,20,738,6.6039438246004725
2069,19,15,592,6.3835066348840055
2069,20,15,513,6.240275845170769
2069,21,7,526,6.26530121273771
2069,22,16,1059,6.9650803456014065
2069,23,8,1035,6.942156705699469
2070,0,166,913,6.816735880594968
2070,1,157,713,6.569481420414296
2070,2,118,698,6.548219102762372
2070,3,96,514,6.2422232654551655
2070,4,60,252,5.529429087511423
2070,5,5,75,4.31748811353631
2070,6,10,59,4.07753744390572
2070,7,4,24,3.1780538303479458
2070,8,4,50,3.912023005428146
2070,9,5,103,4.634728988229636
2070,10,25,318,5.762051382780177
2070,11,52,611,6.415096959171596
2070,12,95,986,6.893656354602635
2070,13,149,1221,7.107425474110705
2070,14,113,1088,6.992096427415888
2070,15,90,1026,6.933423025730715
2070,16,86,939,6.844815479208263
2070,17,60,747,6.616065185132817
2070,18,91,738,6.6039438246004725
2070,19,72,592,6.3835066348840055
2070,20,77,513,6.240275845170769
2070,21,72,526,6.26530121273771
2070,22,209,1059,6.9650803456014065
2070,23,197,1035,6.942156705699469
2071,0,7,913,6.816735880594968
2071,1,11,713,6.569481420414296
2071,2,9,698,6.548219102762372
2071,3,9,514,6.2422232654551655
2071,4,2,252,5.529429087511423
2071,5,1,75,4.31748811353631
2071,6,0,59,4.07753744390572
2071,7,0,24,3.1780538303479458
2071,8,1,50,3.912023005428146
2071,9,4,103,4.634728988229636
2071,10,12,318,5.762051382780177
2071,11,6,611,6.415096959171596
2071,12,23,986,6.893656354602635
2071,13,22,1221,7.107425474110705
2071,14,28,1088,6.992096427415888
2071,15,20,1026,6.933423025730715
2071,16,10,939,6.844815479208263
2071,17,16,747,6.616065185132817
2071,18,22,738,6.6039438246004725
2071,19,16,592,6.3835066348840055
2071,20,20,513,6.240275845170769
2071,21,8,526,6.26530121273771
2071,22,19,1059,6.9650803456014065
2071,23,17,1035,6.942156705699469
2072,0,8,913,6.816735880594968
2072,1,5,713,6.569481420414296
2072,2,7,698,6.548219102762372
2072,3,3,514,6.2422232654551655
2072,4,2,252,5.529429087511423
2072,5,4,75,4.31748811353631
2072,6,0,59,4.07753744390572
2072,7,0,24,3.1780538303479458
2072,8,2,50,3.912023005428146
2072,9,1,103,4.634728988229636
2072,10,1,318,5.762051382780177
2072,11,4,611,6.415096959171596
2072,12,17,986,6.893656354602635
2072,13,24,1221,7.107425474110705
2072,14,14,1088,6.992096427415888
2072,15,15,1026,6.933423025730715
2072,16,9,939,6.844815479208263
2072,17,11,747,6.616065185132817
2072,18,10,738,6.6039438246004725
2072,19,11,592,6.3835066348840055
2072,20,3,513,6.240275845170769
2072,21,5,526,6.26530121273771
2072,22,8,1059,6.9650803456014065
2072,23,8,1035,6.942156705699469
2073,0,14,913,6.816735880594968
2073,1,11,713,6.569481420414296
2073,2,19,698,6.548219102762372
2073,3,6,514,6.2422232654551655
2073,4,5,252,5.529429087511423
2073,5,4,75,4.31748811353631
2073,6,0,59,4.07753744390572
2073,7,0,24,3.1780538303479458
2073,8,1,50,3.912023005428146
2073,9,3,103,4.634728988229636
2073,10,4,318,5.762051382780177
2073,11,10,611,6.415096959171596
2073,12,10,986,6.893656354602635
2073,13,41,1221,7.107425474110705
2073,14,54,1088,6.992096427415888
2073,15,29,1026,6.933423025730715
2073,16,20,939,6.844815479208263
2073,17,10,747,6.616065185132817
2073,18,19,738,6.6039438246004725
2073,19,21,592,6.3835066348840055
2073,20,25,513,6.240275845170769
2073,21,17,526,6.26530121273771
2073,22,14,1059,6.9650803456014065
2073,23,12,1035,6.942156705699469
2074,0,54,913,6.816735880594968
2074,1,41,713,6.569481420414296
2074,2,44,698,6.548219102762372
2074,3,38,514,6.2422232654551655
2074,4,16,252,5.529429087511423
2074,5,11,75,4.31748811353631
2074,6,4,59,4.07753744390572
2074,7,3,24,3.1780538303479458
2074,8,2,50,3.912023005428146
2074,9,8,103,4.634728988229636
2074,10,13,318,5.762051382780177
2074,11,19,611,6.415096959171596
2074,12,51,986,6.893656354602635
2074,13,46,1221,7.107425474110705
2074,14,43,1088,6.992096427415888
2074,15,46,1026,6.933423025730715
2074,16,33,939,6.844815479208263
2074,17,30,747,6.616065185132817
2074,18,50,738,6.6039438246004725
2074,19,38,592,6.3835066348840055
2074,20,32,513,6.240275845170769
2074,21,34,526,6.26530121273771
2074,22,69,1059,6.9650803456014065
2074,23,53,1035,6.942156705699469
2075,0,10,913,6.816735880594968
2075,1,9,713,6.569481420414296
2075,2,3,698,6.548219102762372
2075,3,6,514,6.2422232654551655
2075,4,2,252,5.529429087511423
2075,5,4,75,4.31748811353631
2075,6,0,59,4.07753744390572
2075,7,0,24,3.1780538303479458
2075,8,1,50,3.912023005428146
2075,9,1,103,4.634728988229636
2075,10,4,318,5.762051382780177
2075,11,5,611,6.415096959171596
2075,12,16,986,6.893656354602635
2075,13,11,1221,7.107425474110705
2075,14,20,1088,6.992096427415888
2075,15,9,1026,6.933423025730715
2075,16,11,939,6.844815479208263
2075,17,9,747,6.616065185132817
2075,18,9,738,6.6039438246004725
2075,19,14,592,6.3835066348840055
2075,20,6,513,6.240275845170769
2075,21,3,526,6.26530121273771
2075,22,9,1059,6.9650803456014065
2075,23,9,1035,6.942156705699469
2076,0,15,913,6.816735880594968
2076,1,13,713,6.569481420414296
2076,2,14,698,6.548219102762372
2076,3,7,514,6.2422232654551655
2076,4,3,252,5.529429087511423
2076,5,2,75,4.31748811353631
2076,6,2,59,4.07753744390572
2076,7,0,24,3.1780538303479458
2076,8,1,50,3.912023005428146
2076,9,3,103,4.634728988229636
2076,10,3,318,5.762051382780177
2076,11,11,611,6.415096959171596
2076,12,20,986,6.893656354602635
2076,13,23,1221,7.107425474110705
2076,14,32,1088,6.992096427415888
2076,15,16,1026,6.933423025730715
2076,16,28,939,6.844815479208263
2076,17,12,747,6.616065185132817
2076,18,24,738,6.6039438246004725
2076,19,22,592,6.3835066348840055
2076,20,10,513,6.240275845170769
2076,21,17,526,6.26530121273771
2076,22,36,1059,6.9650803456014065
2076,23,17,1035,6.942156705699469
2077,0,10,913,6.816735880594968
2077,1,8,713,6.569481420414296
2077,2,7,698,6.548219102762372
2077,3,3,514,6.2422232654551655
2077,4,3,252,5.529429087511423
2077,5,0,75,4.31748811353631
2077,6,0,59,4.07753744390572
2077,7,0,24,3.1780538303479458
2077,8,4,50,3.912023005428146
2077,9,1,103,4.634728988229636
2077,10,3,318,5.762051382780177
2077,11,10,611,6.415096959171596
2077,12,14,986,6.893656354602635
2077,13,21,1221,7.107425474110705
2077,14,18,1088,6.992096427415888
2077,15,8,1026,6.933423025730715
2077,16,20,939,6.844815479208263
2077,17,11,747,6.616065185132817
2077,18,18,738,6.6039438246004725
2077,19,18,592,6.3835066348840055
2077,20,11,513,6.240275845170769
2077,21,7,526,6.26530121273771
2077,22,18,1059,6.9650803456014065
2077,23,12,1035,6.942156705699469
2078,0,10,913,6.816735880594968
2078,1,3,713,6.569481420414296
2078,2,2,698,6.548219102762372
2078,3,5,514,6.2422232654551655
2078,4,1,252,5.529429087511423
2078,5,0,75,4.31748811353631
2078,6,0,59,4.07753744390572
2078,7,1,24,3.1780538303479458
2078,8,3,50,3.912023005428146
2078,9,6,103,4.634728988229636
2078,10,6,318,5.762051382780177
2078,11,10,611,6.415096959171596
2078,12,22,986,6.893656354602635
2078,13,28,1221,7.107425474110705
2078,14,18,1088,6.992096427415888
2078,15,23,1026,6.933423025730715
2078,16,26,939,6.844815479208263
2078,17,17,747,6.616065185132817
2078,18,31,738,6.6039438246004725
2078,19,17,592,6.3835066348840055
2078,20,12,513,6.240275845170769
2078,21,17,526,6.26530121273771
2078,22,12,1059,6.9650803456014065
2078,23,11,1035,6.942156705699469
2079,0,9,913,6.816735880594968
2079,1,2,713,6.569481420414296
2079,2,1,698,6.548219102762372
2079,3,2,514,6.2422232654551655
2079,4,0,252,5.529429087511423
2079,5,0,75,4.31748811353631
2079,6,1,59,4.07753744390572
2079,7,0,24,3.1780538303479458
2079,8,0,50,3.912023005428146
2079,9,1,103,4.634728988229636
2079,10,2,318,5.762051382780177
2079,11,0,611,6.415096959171596
2079,12,8,986,6.893656354602635
2079,13,12,1221,7.107425474110705
2079,14,5,1088,6.992096427415888
2079,15,3,1026,6.933423025730715
2079,16,1,939,6.844815479208263
2079,17,10,747,6.616065185132817
2079,18,17,738,6.6039438246004725
2079,19,9,592,6.3835066348840055
2079,20,9,513,6.240275845170769
2079,21,4,526,6.26530121273771
2079,22,10,1059,6.9650803456014065
2079,23,9,1035,6.942156705699469
2080,0,14,913,6.816735880594968
2080,1,8,713,6.569481420414296
2080,2,3,698,6.548219102762372
2080,3,5,514,6.2422232654551655
2080,4,2,252,5.529429087511423
2080,5,1,75,4.31748811353631
2080,6,1,59,4.07753744390572
2080,7,1,24,3.1780538303479458
2080,8,1,50,3.912023005428146
2080,9,6,103,4.634728988229636
2080,10,4,318,5.762051382780177
2080,11,14,611,6.415096959171596
2080,12,21,986,6.893656354602635
2080,13,23,1221,7.107425474110705
2080,14,14,1088,6.992096427415888
2080,15,21,1026,6.933423025730715
2080,16,25,939,6.844815479208263
2080,17,15,747,6.616065185132817
2080,18,25,738,6.6039438246004725
2080,19,19,592,6.3835066348840055
2080,20,9,513,6.240275845170769
2080,21,5,526,6.26530121273771
2080,22,7,1059,6.9650803456014065
2080,23,7,1035,6.942156705699469
2081,0,3,913,6.816735880594968
2081,1,4,713,6.569481420414296
2081,2,1,698,6.548219102762372
2081,3,0,514,6.2422232654551655
2081,4,2,252,5.529429087511423
2081,5,0,75,4.31748811353631
2081,6,0,59,4.07753744390572
2081,7,0,24,3.1780538303479458
2081,8,3,50,3.912023005428146
2081,9,6,103,4.634728988229636
2081,10,9,318,5.762051382780177
2081,11,9,611,6.415096959171596
2081,12,21,986,6.893656354602635
2081,13,21,1221,7.107425474110705
2081,14,19,1088,6.992096427415888
2081,15,14,1026,6.933423025730715
2081,16,17,939,6.844815479208263
2081,17,14,747,6.616065185132817
2081,18,26,738,6.6039438246004725
2081,19,17,592,6.3835066348840055
2081,20,10,513,6.240275845170769
2081,21,11,526,6.26530121273771
2081,22,11,1059,6.9650803456014065
2081,23,10,1035,6.942156705699469
2082,0,10,913,6.816735880594968
2082,1,8,713,6.569481420414296
2082,2,8,698,6.548219102762372
2082,3,2,514,6.2422232654551655
2082,4,0,252,5.529429087511423
2082,5,0,75,4.31748811353631
2082,6,0,59,4.07753744390572
2082,7,0,24,3.1780538303479458
2082,8,1,50,3.912023005428146
2082,9,0,103,4.634728988229636
2082,10,0,318,5.762051382780177
2082,11,24,611,6.415096959171596
2082,12,33,986,6.893656354602635
2082,13,33,1221,7.107425474110705
2082,14,13,1088,6.992096427415888
2082,15,19,1026,6.933423025730715
2082,16,26,939,6.844815479208263
2082,17,14,747,6.616065185132817
2082,18,41,738,6.6039438246004725
2082,19,25,592,6.3835066348840055
2082,20,7,513,6.240275845170769
2082,21,9,526,6.26530121273771
2082,22,13,1059,6.9650803456014065
2082,23,7,1035,6.942156705699469
2083,0,4,913,6.816735880594968
2083,1,3,713,6.569481420414296
2083,2,3,698,6.548219102762372
2083,3,3,514,6.2422232654551655
2083,4,3,252,5.529429087511423
2083,5,0,75,4.31748811353631
2083,6,0,59,4.07753744390572
2083,7,0,24,3.1780538303479458
2083,8,4,50,3.912023005428146
2083,9,8,103,4.634728988229636
2083,10,15,318,5.762051382780177
2083,11,10,611,6.415096959171596
2083,12,17,986,6.893656354602635
2083,13,30,1221,7.107425474110705
2083,14,18,1088,6.992096427415888
2083,15,17,1026,6.933423025730715
2083,16,35,939,6.844815479208263
2083,17,37,747,6.616065185132817
2083,18,34,738,6.6039438246004725
2083,19,19,592,6.3835066348840055
2083,20,9,513,6.240275845170769
2083,21,4,526,6.26530121273771
2083,22,6,1059,6.9650803456014065
2083,23,11,1035,6.942156705699469
2084,0,8,913,6.816735880594968
2084,1,13,713,6.569481420414296
2084,2,12,698,6.548219102762372
2084,3,7,514,6.2422232654551655
2084,4,3,252,5.529429087511423
2084,5,1,75,4.31748811353631
2084,6,0,59,4.07753744390572
2084,7,0,24,3.1780538303479458
2084,8,1,50,3.912023005428146
2084,9,5,103,4.634728988229636
2084,10,6,318,5.762051382780177
2084,11,7,611,6.415096959171596
2084,12,18,986,6.893656354602635
2084,13,30,1221,7.107425474110705
2084,14,22,1088,6.992096427415888
2084,15,24,1026,6.933423025730715
2084,16,15,939,6.844815479208263
2084,17,16,747,6.616065185132817
2084,18,15,738,6.6039438246004725
2084,19,16,592,6.3835066348840055
2084,20,11,513,6.240275845170769
2084,21,5,526,6.26530121273771
2084,22,8,1059,6.9650803456014065
2084,23,13,1035,6.942156705699469
2085,0,3,913,6.816735880594968
2085,1,0,713,6.569481420414296
2085,2,0,698,6.548219102762372
2085,3,0,514,6.2422232654551655
2085,4,0,252,5.529429087511423
2085,5,2,75,4.31748811353631
2085,6,0,59,4.07753744390572
2085,7,0,24,3.1780538303479458
2085,8,0,50,3.912023005428146
2085,9,2,103,4.634728988229636
2085,10,6,318,5.762051382780177
2085,11,7,611,6.415096959171596
2085,12,8,986,6.893656354602635
2085,13,9,1221,7.107425474110705
2085,14,8,1088,6.992096427415888
2085,15,13,1026,6.933423025730715
2085,16,9,939,6.844815479208263
2085,17,5,747,6.616065185132817
2085,18,9,738,6.6039438246004725
2085,19,11,592,6.3835066348840055
2085,20,5,513,6.240275845170769
2085,21,1,526,6.26530121273771
2085,22,6,1059,6.9650803456014065
2085,23,2,1035,6.942156705699469
2086,0,16,913,6.816735880594968
2086,1,7,713,6.569481420414296
2086,2,7,698,6.548219102762372
2086,3,3,514,6.2422232654551655
2086,4,2,252,5.529429087511423
2086,5,2,75,4.31748811353631
2086,6,0,59,4.07753744390572
2086,7,0,24,3.1780538303479458
2086,8,1,50,3.912023005428146
2086,9,2,103,4.634728988229636
2086,10,5,318,5.762051382780177
2086,11,13,611,6.415096959171596
2086,12,23,986,6.893656354602635
2086,13,26,1221,7.107425474110705
2086,14,22,1088,6.992096427415888
2086,15,13,1026,6.933423025730715
2086,16,20,939,6.844815479208263
2086,17,22,747,6.616065185132817
2086,18,31,738,6.6039438246004725
2086,19,14,592,6.3835066348840055
2086,20,12,513,6.240275845170769
2086,21,5,526,6.26530121273771
2086,22,18,1059,6.9650803456014065
2086,23,9,1035,6.942156705699469
2087,0,1,913,6.816735880594968
2087,1,4,713,6.569481420414296
2087,2,3,698,6.548219102762372
2087,3,2,514,6.2422232654551655
2087,4,0,252,5.529429087511423
2087,5,0,75,4.31748811353631
2087,6,0,59,4.07753744390572
2087,7,0,24,3.1780538303479458
2087,8,0,50,3.912023005428146
2087,9,2,103,4.634728988229636
2087,10,5,318,5.762051382780177
2087,11,4,611,6.415096959171596
2087,12,6,986,6.893656354602635
2087,13,16,1221,7.107425474110705
2087,14,8,1088,6.992096427415888
2087,15,5,1026,6.933423025730715
2087,16,3,939,6.844815479208263
2087,17,13,747,6.616065185132817
2087,18,6,738,6.6039438246004725
2087,19,7,592,6.3835066348840055
2087,20,5,513,6.240275845170769
2087,21,2,526,6.26530121273771
2087,22,7,1059,6.9650803456014065
2087,23,6,1035,6.942156705699469
2088,0,9,913,6.816735880594968
2088,1,2,713,6.569481420414296
2088,2,3,698,6.548219102762372
2088,3,2,514,6.2422232654551655
2088,4,1,252,5.529429087511423
2088,5,0,75,4.31748811353631
2088,6,0,59,4.07753744390572
2088,7,0,24,3.1780538303479458
2088,8,0,50,3.912023005428146
2088,9,1,103,4.634728988229636
2088,10,0,318,5.762051382780177
2088,11,12,611,6.415096959171596
2088,12,10,986,6.893656354602635
2088,13,15,1221,7.107425474110705
2088,14,12,1088,6.992096427415888
2088,15,9,1026,6.933423025730715
2088,16,14,939,6.844815479208263
2088,17,7,747,6.616065185132817
2088,18,11,738,6.6039438246004725
2088,19,7,592,6.3835066348840055
2088,20,4,513,6.240275845170769
2088,21,4,526,6.26530121273771
2088,22,5,1059,6.9650803456014065
2088,23,7,1035,6.942156705699469
2089,0,16,913,6.816735880594968
2089,1,13,713,6.569481420414296
2089,2,14,698,6.548219102762372
2089,3,8,514,6.2422232654551655
2089,4,1,252,5.529429087511423
2089,5,0,75,4.31748811353631
2089,6,0,59,4.07753744390572
2089,7,0,24,3.1780538303479458
2089,8,12,50,3.912023005428146
2089,9,9,103,4.634728988229636
2089,10,12,318,5.762051382780177
2089,11,10,611,6.415096959171596
2089,12,34,986,6.893656354602635
2089,13,41,1221,7.107425474110705
2089,14,25,1088,6.992096427415888
2089,15,11,1026,6.933423025730715
2089,16,8,939,6.844815479208263
2089,17,11,747,6.616065185132817
2089,18,13,738,6.6039438246004725
2089,19,7,592,6.3835066348840055
2089,20,9,513,6.240275845170769
2089,21,8,526,6.26530121273771
2089,22,24,1059,6.9650803456014065
2089,23,13,1035,6.942156705699469
2090,0,7,913,6.816735880594968
2090,1,9,713,6.569481420414296
2090,2,6,698,6.548219102762372
2090,3,4,514,6.2422232654551655
2090,4,0,252,5.529429087511423
2090,5,0,75,4.31748811353631
2090,6,0,59,4.07753744390572
2090,7,0,24,3.1780538303479458
2090,8,2,50,3.912023005428146
2090,9,1,103,4.634728988229636
2090,10,6,318,5.762051382780177
2090,11,3,611,6.415096959171596
2090,12,18,986,6.893656354602635
2090,13,20,1221,7.107425474110705
2090,14,17,1088,6.992096427415888
2090,15,12,1026,6.933423025730715
2090,16,12,939,6.844815479208263
2090,17,10,747,6.616065185132817
2090,18,23,738,6.6039438246004725
2090,19,11,592,6.3835066348840055
2090,20,8,513,6.240275845170769
2090,21,6,526,6.26530121273771
2090,22,12,1059,6.9650803456014065
2090,23,9,1035,6.942156705699469
2091,0,7,913,6.816735880594968
2091,1,8,713,6.569481420414296
2091,2,5,698,6.548219102762372
2091,3,3,514,6.2422232654551655
2091,4,0,252,5.529429087511423
2091,5,0,75,4.31748811353631
2091,6,0,59,4.07753744390572
2091,7,0,24,3.1780538303479458
2091,8,0,50,3.912023005428146
2091,9,2,103,4.634728988229636
2091,10,1,318,5.762051382780177
2091,11,9,611,6.415096959171596
2091,12,19,986,6.893656354602635
2091,13,17,1221,7.107425474110705
2091,14,13,1088,6.992096427415888
2091,15,11,1026,6.933423025730715
2091,16,16,939,6.844815479208263
2091,17,8,747,6.616065185132817
2091,18,14,738,6.6039438246004725
2091,19,13,592,6.3835066348840055
2091,20,5,513,6.240275845170769
2091,21,4,526,6.26530121273771
2091,22,10,1059,6.9650803456014065
2091,23,10,1035,6.942156705699469
2092,0,5,913,6.816735880594968
2092,1,0,713,6.569481420414296
2092,2,0,698,6.548219102762372
2092,3,3,514,6.2422232654551655
2092,4,0,252,5.529429087511423
2092,5,2,75,4.31748811353631
2092,6,0,59,4.07753744390572
2092,7,0,24,3.1780538303479458
2092,8,0,50,3.912023005428146
2092,9,4,103,4.634728988229636
2092,10,8,318,5.762051382780177
2092,11,9,611,6.415096959171596
2092,12,14,986,6.893656354602635
2092,13,16,1221,7.107425474110705
2092,14,16,1088,6.992096427415888
2092,15,14,1026,6.933423025730715
2092,16,12,939,6.844815479208263
2092,17,14,747,6.616065185132817
2092,18,20,738,6.6039438246004725
2092,19,10,592,6.3835066348840055
2092,20,9,513,6.240275845170769
2092,21,12,526,6.26530121273771
2092,22,13,1059,6.9650803456014065
2092,23,15,1035,6.942156705699469
2093,0,10,913,6.816735880594968
2093,1,13,713,6.569481420414296
2093,2,5,698,6.548219102762372
2093,3,1,514,6.2422232654551655
2093,4,0,252,5.529429087511423
2093,5,0,75,4.31748811353631
2093,6,0,59,4.07753744390572
2093,7,0,24,3.1780538303479458
2093,8,0,50,3.912023005428146
2093,9,3,103,4.634728988229636
2093,10,7,318,5.762051382780177
2093,11,13,611,6.415096959171596
2093,12,21,986,6.893656354602635
2093,13,18,1221,7.107425474110705
2093,14,26,1088,6.992096427415888
2093,15,21,1026,6.933423025730715
2093,16,23,939,6.844815479208263
2093,17,11,747,6.616065185132817
2093,18,29,738,6.6039438246004725
2093,19,15,592,6.3835066348840055
2093,20,6,513,6.240275845170769
2093,21,7,526,6.26530121273771
2093,22,13,1059,6.9650803456014065
2093,23,12,1035,6.942156705699469
2094,0,7,913,6.816735880594968
2094,1,3,713,6.569481420414296
2094,2,0,698,6.548219102762372
2094,3,0,514,6.2422232654551655
2094,4,1,252,5.529429087511423
2094,5,0,75,4.31748811353631
2094,6,0,59,4.07753744390572
2094,7,0,24,3.1780538303479458
2094,8,0,50,3.912023005428146
2094,9,3,103,4.634728988229636
2094,10,3,318,5.762051382780177
2094,11,4,611,6.415096959171596
2094,12,7,986,6.893656354602635
2094,13,16,1221,7.107425474110705
2094,14,21,1088,6.992096427415888
2094,15,12,1026,6.933423025730715
2094,16,12,939,6.844815479208263
2094,17,13,747,6.616065185132817
2094,18,28,738,6.6039438246004725
2094,19,8,592,6.3835066348840055
2094,20,6,513,6.240275845170769
2094,21,7,526,6.26530121273771
2094,22,10,1059,6.9650803456014065
2094,23,6,1035,6.942156705699469
2095,0,8,913,6.816735880594968
2095,1,6,713,6.569481420414296
2095,2,2,698,6.548219102762372
2095,3,0,514,6.2422232654551655
2095,4,0,252,5.529429087511423
2095,5,0,75,4.31748811353631
2095,6,0,59,4.07753744390572
2095,7,0,24,3.1780538303479458
2095,8,0,50,3.912023005428146
2095,9,1,103,4.634728988229636
2095,10,4,318,5.762051382780177
2095,11,10,611,6.415096959171596
2095,12,4,986,6.893656354602635
2095,13,20,1221,7.107425474110705
2095,14,12,1088,6.992096427415888
2095,15,14,1026,6.933423025730715
2095,16,13,939,6.844815479208263
2095,17,9,747,6.616065185132817
2095,18,15,738,6.6039438246004725
2095,19,16,592,6.3835066348840055
2095,20,8,513,6.240275845170769
2095,21,3,526,6.26530121273771
2095,22,5,1059,6.9650803456014065
2095,23,8,1035,6.942156705699469
2096,0,9,913,6.816735880594968
2096,1,10,713,6.569481420414296
2096,2,5,698,6.548219102762372
2096,3,6,514,6.2422232654551655
2096,4,0,252,5.529429087511423
2096,5,0,75,4.31748811353631
2096,6,0,59,4.07753744390572
2096,7,0,24,3.1780538303479458
2096,8,0,50,3.912023005428146
2096,9,2,103,4.634728988229636
2096,10,8,318,5.762051382780177
2096,11,10,611,6.415096959171596
2096,12,14,986,6.893656354602635
2096,13,22,1221,7.107425474110705
2096,14,32,1088,6.992096427415888
2096,15,24,1026,6.933423025730715
2096,16,10,939,6.844815479208263
2096,17,15,747,6.616065185132817
2096,18,18,738,6.6039438246004725
2096,19,10,592,6.3835066348840055
2096,20,14,513,6.240275845170769
2096,21,6,526,6.26530121273771
2096,22,11,1059,6.9650803456014065
2096,23,9,1035,6.942156705699469
2097,0,10,913,6.816735880594968
2097,1,10,713,6.569481420414296
2097,2,11,698,6.548219102762372
2097,3,2,514,6.2422232654551655
2097,4,1,252,5.529429087511423
2097,5,2,75,4.31748811353631
2097,6,0,59,4.07753744390572
2097,7,0,24,3.1780538303479458
2097,8,4,50,3.912023005428146
2097,9,2,103,4.634728988229636
2097,10,3,318,5.762051382780177
2097,11,10,611,6.415096959171596
2097,12,28,986,6.893656354602635
2097,13,26,1221,7.107425474110705
2097,14,6,1088,6.992096427415888
2097,15,21,1026,6.933423025730715
2097,16,14,939,6.844815479208263
2097,17,11,747,6.616065185132817
2097,18,13,738,6.6039438246004725
2097,19,13,592,6.3835066348840055
2097,20,9,513,6.240275845170769
2097,21,7,526,6.26530121273771
2097,22,11,1059,6.9650803456014065
2097,23,12,1035,6.942156705699469
2098,0,3,913,6.816735880594968
2098,1,1,713,6.569481420414296
2098,2,2,698,6.548219102762372
2098,3,0,514,6.2422232654551655
2098,4,0,252,5.529429087511423
2098,5,0,75,4.31748811353631
2098,6,0,59,4.07753744390572
2098,7,0,24,3.1780538303479458
2098,8,0,50,3.912023005428146
2098,9,2,103,4.634728988229636
2098,10,2,318,5.762051382780177
2098,11,13,611,6.415096959171596
2098,12,8,986,6.893656354602635
2098,13,15,1221,7.107425474110705
2098,14,9,1088,6.992096427415888
2098,15,11,1026,6.933423025730715
2098,16,9,939,6.844815479208263
2098,17,4,747,6.616065185132817
2098,18,6,738,6.6039438246004725
2098,19,4,592,6.3835066348840055
2098,20,7,513,6.240275845170769
2098,21,4,526,6.26530121273771
2098,22,3,1059,6.9650803456014065
2098,23,3,1035,6.942156705699469
2099,0,39,913,6.816735880594968
2099,1,31,713,6.569481420414296
2099,2,14,698,6.548219102762372
2099,3,20,514,6.2422232654551655
2099,4,13,252,5.529429087511423
2099,5,2,75,4.31748811353631
2099,6,0,59,4.07753744390572
2099,7,0,24,3.1780538303479458
2099,8,3,50,3.912023005428146
2099,9,3,103,4.634728988229636
2099,10,16,318,5.762051382780177
2099,11,30,611,6.415096959171596
2099,12,46,986,6.893656354602635
2099,13,56,1221,7.107425474110705
2099,14,45,1088,6.992096427415888
2099,15,34,1026,6.933423025730715
2099,16,32,939,6.844815479208263
2099,17,42,747,6.616065185132817
2099,18,43,738,6.6039438246004725
2099,19,40,592,6.3835066348840055
2099,20,23,513,6.240275845170769
2099,21,14,526,6.26530121273771
2099,22,41,1059,6.9650803456014065
2099,23,29,1035,6.942156705699469
2100,0,2,913,6.816735880594968
2100,1,0,713,6.569481420414296
2100,2,3,698,6.548219102762372
2100,3,0,514,6.2422232654551655
2100,4,0,252,5.529429087511423
2100,5,2,75,4.31748811353631
2100,6,0,59,4.07753744390572
2100,7,0,24,3.1780538303479458
2100,8,0,50,3.912023005428146
2100,9,1,103,4.634728988229636
2100,10,1,318,5.762051382780177
2100,11,4,611,6.415096959171596
2100,12,10,986,6.893656354602635
2100,13,14,1221,7.107425474110705
2100,14,11,1088,6.992096427415888
2100,15,6,1026,6.933423025730715
2100,16,12,939,6.844815479208263
2100,17,16,747,6.616065185132817
2100,18,16,738,6.6039438246004725
2100,19,10,592,6.3835066348840055
2100,20,5,513,6.240275845170769
2100,21,3,526,6.26530121273771
2100,22,3,1059,6.9650803456014065
2100,23,3,1035,6.942156705699469
2101,0,7,913,6.816735880594968
2101,1,7,713,6.569481420414296
2101,2,3,698,6.548219102762372
2101,3,3,514,6.2422232654551655
2101,4,3,252,5.529429087511423
2101,5,0,75,4.31748811353631
2101,6,1,59,4.07753744390572
2101,7,0,24,3.1780538303479458
2101,8,0,50,3.912023005428146
2101,9,1,103,4.634728988229636
2101,10,6,318,5.762051382780177
2101,11,8,611,6.415096959171596
2101,12,19,986,6.893656354602635
2101,13,16,1221,7.107425474110705
2101,14,13,1088,6.992096427415888
2101,15,14,1026,6.933423025730715
2101,16,13,939,6.844815479208263
2101,17,12,747,6.616065185132817
2101,18,18,738,6.6039438246004725
2101,19,11,592,6.3835066348840055
2101,20,9,513,6.240275845170769
2101,21,9,526,6.26530121273771
2101,22,7,1059,6.9650803456014065
2101,23,6,1035,6.942156705699469
2102,0,14,913,6.816735880594968
2102,1,6,713,6.569481420414296
2102,2,4,698,6.548219102762372
2102,3,0,514,6.2422232654551655
2102,4,0,252,5.529429087511423
2102,5,0,75,4.31748811353631
2102,6,0,59,4.07753744390572
2102,7,0,24,3.1780538303479458
2102,8,1,50,3.912023005428146
2102,9,6,103,4.634728988229636
2102,10,4,318,5.762051382780177
2102,11,19,611,6.415096959171596
2102,12,41,986,6.893656354602635
2102,13,71,1221,7.107425474110705
2102,14,60,1088,6.992096427415888
2102,15,37,1026,6.933423025730715
2102,16,31,939,6.844815479208263
2102,17,20,747,6.616065185132817
2102,18,43,738,6.6039438246004725
2102,19,29,592,6.3835066348840055
2102,20,17,513,6.240275845170769
2102,21,9,526,6.26530121273771
2102,22,21,1059,6.9650803456014065
2102,23,16,1035,6.942156705699469
2103,0,9,913,6.816735880594968
2103,1,4,713,6.569481420414296
2103,2,2,698,6.548219102762372
2103,3,1,514,6.2422232654551655
2103,4,1,252,5.529429087511423
2103,5,2,75,4.31748811353631
2103,6,2,59,4.07753744390572
2103,7,0,24,3.1780538303479458
2103,8,4,50,3.912023005428146
2103,9,5,103,4.634728988229636
2103,10,6,318,5.762051382780177
2103,11,18,611,6.415096959171596
2103,12,15,986,6.893656354602635
2103,13,44,1221,7.107425474110705
2103,14,32,1088,6.992096427415888
2103,15,24,1026,6.933423025730715
2103,16,28,939,6.844815479208263
2103,17,25,747,6.616065185132817
2103,18,42,738,6.6039438246004725
2103,19,25,592,6.3835066348840055
2103,20,11,513,6.240275845170769
2103,21,8,526,6.26530121273771
2103,22,20,1059,6.9650803456014065
2103,23,17,1035,6.942156705699469
2104,0,19,913,6.816735880594968
2104,1,11,713,6.569481420414296
2104,2,19,698,6.548219102762372
2104,3,16,514,6.2422232654551655
2104,4,3,252,5.529429087511423
2104,5,0,75,4.31748811353631
2104,6,1,59,4.07753744390572
2104,7,0,24,3.1780538303479458
2104,8,1,50,3.912023005428146
2104,9,2,103,4.634728988229636
2104,10,12,318,5.762051382780177
2104,11,20,611,6.415096959171596
2104,12,30,986,6.893656354602635
2104,13,41,1221,7.107425474110705
2104,14,32,1088,6.992096427415888
2104,15,29,1026,6.933423025730715
2104,16,32,939,6.844815479208263
2104,17,37,747,6.616065185132817
2104,18,46,738,6.6039438246004725
2104,19,24,592,6.3835066348840055
2104,20,21,513,6.240275845170769
2104,21,16,526,6.26530121273771
2104,22,32,1059,6.9650803456014065
2104,23,18,1035,6.942156705699469
2105,0,16,913,6.816735880594968
2105,1,10,713,6.569481420414296
2105,2,2,698,6.548219102762372
2105,3,1,514,6.2422232654551655
2105,4,0,252,5.529429087511423
2105,5,0,75,4.31748811353631
2105,6,0,59,4.07753744390572
2105,7,0,24,3.1780538303479458
2105,8,0,50,3.912023005428146
2105,9,4,103,4.634728988229636
2105,10,8,318,5.762051382780177
2105,11,2,611,6.415096959171596
2105,12,20,986,6.893656354602635
2105,13,32,1221,7.107425474110705
2105,14,26,1088,6.992096427415888
2105,15,25,1026,6.933423025730715
2105,16,21,939,6.844815479208263
2105,17,10,747,6.616065185132817
2105,18,27,738,6.6039438246004725
2105,19,22,592,6.3835066348840055
2105,20,18,513,6.240275845170769
2105,21,10,526,6.26530121273771
2105,22,18,1059,6.9650803456014065
2105,23,15,1035,6.942156705699469
2106,0,2,913,6.816735880594968
2106,1,6,713,6.569481420414296
2106,2,0,698,6.548219102762372
2106,3,1,514,6.2422232654551655
2106,4,2,252,5.529429087511423
2106,5,1,75,4.31748811353631
2106,6,0,59,4.07753744390572
2106,7,0,24,3.1780538303479458
2106,8,5,50,3.912023005428146
2106,9,1,103,4.634728988229636
2106,10,6,318,5.762051382780177
2106,11,1,611,6.415096959171596
2106,12,8,986,6.893656354602635
2106,13,32,1221,7.107425474110705
2106,14,14,1088,6.992096427415888
2106,15,10,1026,6.933423025730715
2106,16,10,939,6.844815479208263
2106,17,5,747,6.616065185132817
2106,18,19,738,6.6039438246004725
2106,19,11,592,6.3835066348840055
2106,20,11,513,6.240275845170769
2106,21,10,526,6.26530121273771
2106,22,17,1059,6.9650803456014065
2106,23,13,1035,6.942156705699469
2107,0,3,913,6.816735880594968
2107,1,2,713,6.569481420414296
2107,2,2,698,6.548219102762372
2107,3,1,514,6.2422232654551655
2107,4,2,252,5.529429087511423
2107,5,0,75,4.31748811353631
2107,6,1,59,4.07753744390572
2107,7,0,24,3.1780538303479458
2107,8,0,50,3.912023005428146
2107,9,1,103,4.634728988229636
2107,10,3,318,5.762051382780177
2107,11,8,611,6.415096959171596
2107,12,11,986,6.893656354602635
2107,13,16,1221,7.107425474110705
2107,14,15,1088,6.992096427415888
2107,15,9,1026,6.933423025730715
2107,16,11,939,6.844815479208263
2107,17,5,747,6.616065185132817
2107,18,13,738,6.6039438246004725
2107,19,7,592,6.3835066348840055
2107,20,10,513,6.240275845170769
2107,21,4,526,6.26530121273771
2107,22,8,1059,6.9650803456014065
2107,23,1,1035,6.942156705699469
2108,0,11,913,6.816735880594968
2108,1,4,713,6.569481420414296
2108,2,0,698,6.548219102762372
2108,3,1,514,6.2422232654551655
2108,4,0,252,5.529429087511423
2108,5,0,75,4.31748811353631
2108,6,0,59,4.07753744390572
2108,7,0,24,3.1780538303479458
2108,8,0,50,3.912023005428146
2108,9,2,103,4.634728988229636
2108,10,1,318,5.762051382780177
2108,11,5,611,6.415096959171596
2108,12,29,986,6.893656354602635
2108,13,35,1221,7.107425474110705
2108,14,20,1088,6.992096427415888
2108,15,14,1026,6.933423025730715
2108,16,19,939,6.844815479208263
2108,17,12,747,6.616065185132817
2108,18,17,738,6.6039438246004725
2108,19,19,592,6.3835066348840055
2108,20,16,513,6.240275845170769
2108,21,12,526,6.26530121273771
2108,22,20,1059,6.9650803456014065
2108,23,16,1035,6.942156705699469
2109,0,5,913,6.816735880594968
2109,1,3,713,6.569481420414296
2109,2,3,698,6.548219102762372
2109,3,1,514,6.2422232654551655
2109,4,1,252,5.529429087511423
2109,5,1,75,4.31748811353631
2109,6,0,59,4.07753744390572
2109,7,0,24,3.1780538303479458
2109,8,0,50,3.912023005428146
2109,9,4,103,4.634728988229636
2109,10,2,318,5.762051382780177
2109,11,2,611,6.415096959171596
2109,12,7,986,6.893656354602635
2109,13,8,1221,7.107425474110705
2109,14,6,1088,6.992096427415888
2109,15,19,1026,6.933423025730715
2109,16,7,939,6.844815479208263
2109,17,19,747,6.616065185132817
2109,18,15,738,6.6039438246004725
2109,19,7,592,6.3835066348840055
2109,20,3,513,6.240275845170769
2109,21,5,526,6.26530121273771
2109,22,8,1059,6.9650803456014065
2109,23,4,1035,6.942156705699469
2110,0,4,913,6.816735880594968
2110,1,3,713,6.569481420414296
2110,2,5,698,6.548219102762372
2110,3,2,514,6.2422232654551655
2110,4,0,252,5.529429087511423
2110,5,0,75,4.31748811353631
2110,6,0,59,4.07753744390572
2110,7,0,24,3.1780538303479458
2110,8,1,50,3.912023005428146
2110,9,3,103,4.634728988229636
2110,10,0,318,5.762051382780177
2110,11,3,611,6.415096959171596
2110,12,11,986,6.893656354602635
2110,13,19,1221,7.107425474110705
2110,14,15,1088,6.992096427415888
2110,15,9,1026,6.933423025730715
2110,16,10,939,6.844815479208263
2110,17,18,747,6.616065185132817
2110,18,17,738,6.6039438246004725
2110,19,7,592,6.3835066348840055
2110,20,0,513,6.240275845170769
2110,21,4,526,6.26530121273771
2110,22,12,1059,6.9650803456014065
2110,23,10,1035,6.942156705699469
2111,0,1,913,6.816735880594968
2111,1,2,713,6.569481420414296
2111,2,0,698,6.548219102762372
2111,3,0,514,6.2422232654551655
2111,4,0,252,5.529429087511423
2111,5,0,75,4.31748811353631
2111,6,0,59,4.07753744390572
2111,7,0,24,3.1780538303479458
2111,8,0,50,3.912023005428146
2111,9,1,103,4.634728988229636
2111,10,2,318,5.762051382780177
2111,11,2,611,6.415096959171596
2111,12,4,986,6.893656354602635
2111,13,8,1221,7.107425474110705
2111,14,1,1088,6.992096427415888
2111,15,4,1026,6.933423025730715
2111,16,5,939,6.844815479208263
2111,17,4,747,6.616065185132817
2111,18,5,738,6.6039438246004725
2111,19,6,592,6.3835066348840055
2111,20,3,513,6.240275845170769
2111,21,2,526,6.26530121273771
2111,22,1,1059,6.9650803456014065
2111,23,1,1035,6.942156705699469
2112,0,15,913,6.816735880594968
2112,1,11,713,6.569481420414296
2112,2,2,698,6.548219102762372
2112,3,3,514,6.2422232654551655
2112,4,0,252,5.529429087511423
2112,5,1,75,4.31748811353631
2112,6,0,59,4.07753744390572
2112,7,0,24,3.1780538303479458
2112,8,1,50,3.912023005428146
2112,9,1,103,4.634728988229636
2112,10,1,318,5.762051382780177
2112,11,8,611,6.415096959171596
2112,12,11,986,6.893656354602635
2112,13,24,1221,7.107425474110705
2112,14,12,1088,6.992096427415888
2112,15,14,1026,6.933423025730715
2112,16,16,939,6.844815479208263
2112,17,16,747,6.616065185132817
2112,18,20,738,6.6039438246004725
2112,19,18,592,6.3835066348840055
2112,20,13,513,6.240275845170769
2112,21,5,526,6.26530121273771
2112,22,16,1059,6.9650803456014065
2112,23,20,1035,6.942156705699469
2113,0,1,913,6.816735880594968
2113,1,3,713,6.569481420414296
2113,2,1,698,6.548219102762372
2113,3,2,514,6.2422232654551655
2113,4,0,252,5.529429087511423
2113,5,2,75,4.31748811353631
2113,6,0,59,4.07753744390572
2113,7,0,24,3.1780538303479458
2113,8,1,50,3.912023005428146
2113,9,3,103,4.634728988229636
2113,10,3,318,5.762051382780177
2113,11,4,611,6.415096959171596
2113,12,5,986,6.893656354602635
2113,13,17,1221,7.107425474110705
2113,14,9,1088,6.992096427415888
2113,15,7,1026,6.933423025730715
2113,16,9,939,6.844815479208263
2113,17,6,747,6.616065185132817
2113,18,13,738,6.6039438246004725
2113,19,8,592,6.3835066348840055
2113,20,4,513,6.240275845170769
2113,21,2,526,6.26530121273771
2113,22,2,1059,6.9650803456014065
2113,23,0,1035,6.942156705699469
2114,0,11,913,6.816735880594968
2114,1,4,713,6.569481420414296
2114,2,5,698,6.548219102762372
2114,3,1,514,6.2422232654551655
2114,4,1,252,5.529429087511423
2114,5,3,75,4.31748811353631
2114,6,1,59,4.07753744390572
2114,7,0,24,3.1780538303479458
2114,8,1,50,3.912023005428146
2114,9,2,103,4.634728988229636
2114,10,6,318,5.762051382780177
2114,11,7,611,6.415096959171596
2114,12,11,986,6.893656354602635
2114,13,10,1221,7.107425474110705
2114,14,18,1088,6.992096427415888
2114,15,22,1026,6.933423025730715
2114,16,16,939,6.844815479208263
2114,17,13,747,6.616065185132817
2114,18,21,738,6.6039438246004725
2114,19,11,592,6.3835066348840055
2114,20,11,513,6.240275845170769
2114,21,12,526,6.26530121273771
2114,22,17,1059,6.9650803456014065
2114,23,7,1035,6.942156705699469
2115,0,1,913,6.816735880594968
2115,1,5,713,6.569481420414296
2115,2,4,698,6.548219102762372
2115,3,0,514,6.2422232654551655
2115,4,1,252,5.529429087511423
2115,5,1,75,4.31748811353631
2115,6,0,59,4.07753744390572
2115,7,1,24,3.1780538303479458
2115,8,0,50,3.912023005428146
2115,9,1,103,4.634728988229636
2115,10,5,318,5.762051382780177
2115,11,8,611,6.415096959171596
2115,12,21,986,6.893656354602635
2115,13,23,1221,7.107425474110705
2115,14,13,1088,6.992096427415888
2115,15,22,1026,6.933423025730715
2115,16,12,939,6.844815479208263
2115,17,14,747,6.616065185132817
2115,18,20,738,6.6039438246004725
2115,19,6,592,6.3835066348840055
2115,20,11,513,6.240275845170769
2115,21,8,526,6.26530121273771
2115,22,11,1059,6.9650803456014065
2115,23,5,1035,6.942156705699469
2116,0,3,913,6.816735880594968
2116,1,6,713,6.569481420414296
2116,2,9,698,6.548219102762372
2116,3,6,514,6.2422232654551655
2116,4,3,252,5.529429087511423
2116,5,4,75,4.31748811353631
2116,6,3,59,4.07753744390572
2116,7,1,24,3.1780538303479458
2116,8,0,50,3.912023005428146
2116,9,1,103,4.634728988229636
2116,10,2,318,5.762051382780177
2116,11,6,611,6.415096959171596
2116,12,16,986,6.893656354602635
2116,13,12,1221,7.107425474110705
2116,14,6,1088,6.992096427415888
2116,15,12,1026,6.933423025730715
2116,16,12,939,6.844815479208263
2116,17,10,747,6.616065185132817
2116,18,9,738,6.6039438246004725
2116,19,7,592,6.3835066348840055
2116,20,6,513,6.240275845170769
2116,21,2,526,6.26530121273771
2116,22,3,1059,6.9650803456014065
2116,23,6,1035,6.942156705699469
2117,0,9,913,6.816735880594968
2117,1,5,713,6.569481420414296
2117,2,4,698,6.548219102762372
2117,3,2,514,6.2422232654551655
2117,4,0,252,5.529429087511423
2117,5,0,75,4.31748811353631
2117,6,0,59,4.07753744390572
2117,7,0,24,3.1780538303479458
2117,8,0,50,3.912023005428146
2117,9,1,103,4.634728988229636
2117,10,7,318,5.762051382780177
2117,11,6,611,6.415096959171596
2117,12,16,986,6.893656354602635
2117,13,24,1221,7.107425474110705
2117,14,18,1088,6.992096427415888
2117,15,13,1026,6.933423025730715
2117,16,14,939,6.844815479208263
2117,17,11,747,6.616065185132817
2117,18,19,738,6.6039438246004725
2117,19,16,592,6.3835066348840055
2117,20,13,513,6.240275845170769
2117,21,7,526,6.26530121273771
2117,22,7,1059,6.9650803456014065
2117,23,9,1035,6.942156705699469
2118,0,5,913,6.816735880594968
2118,1,5,713,6.569481420414296
2118,2,5,698,6.548219102762372
2118,3,1,514,6.2422232654551655
2118,4,0,252,5.529429087511423
2118,5,0,75,4.31748811353631
2118,6,0,59,4.07753744390572
2118,7,0,24,3.1780538303479458
2118,8,4,50,3.912023005428146
2118,9,3,103,4.634728988229636
2118,10,5,318,5.762051382780177
2118,11,9,611,6.415096959171596
2118,12,17,986,6.893656354602635
2118,13,30,1221,7.107425474110705
2118,14,10,1088,6.992096427415888
2118,15,9,1026,6.933423025730715
2118,16,12,939,6.844815479208263
2118,17,11,747,6.616065185132817
2118,18,23,738,6.6039438246004725
2118,19,12,592,6.3835066348840055
2118,20,6,513,6.240275845170769
2118,21,6,526,6.26530121273771
2118,22,6,1059,6.9650803456014065
2118,23,10,1035,6.942156705699469
2119,0,12,913,6.816735880594968
2119,1,7,713,6.569481420414296
2119,2,6,698,6.548219102762372
2119,3,7,514,6.2422232654551655
2119,4,0,252,5.529429087511423
2119,5,1,75,4.31748811353631
2119,6,0,59,4.07753744390572
2119,7,0,24,3.1780538303479458
2119,8,1,50,3.912023005428146
2119,9,1,103,4.634728988229636
2119,10,1,318,5.762051382780177
2119,11,13,611,6.415096959171596
2119,12,16,986,6.893656354602635
2119,13,25,1221,7.107425474110705
2119,14,13,1088,6.992096427415888
2119,15,16,1026,6.933423025730715
2119,16,13,939,6.844815479208263
2119,17,14,747,6.616065185132817
2119,18,29,738,6.6039438246004725
2119,19,17,592,6.3835066348840055
2119,20,3,513,6.240275845170769
2119,21,11,526,6.26530121273771
2119,22,13,1059,6.9650803456014065
2119,23,10,1035,6.942156705699469
2120,0,10,913,6.816735880594968
2120,1,4,713,6.569481420414296
2120,2,5,698,6.548219102762372
2120,3,2,514,6.2422232654551655
2120,4,1,252,5.529429087511423
2120,5,2,75,4.31748811353631
2120,6,0,59,4.07753744390572
2120,7,2,24,3.1780538303479458
2120,8,3,50,3.912023005428146
2120,9,2,103,4.634728988229636
2120,10,2,318,5.762051382780177
2120,11,4,611,6.415096959171596
2120,12,12,986,6.893656354602635
2120,13,8,1221,7.107425474110705
2120,14,16,1088,6.992096427415888
2120,15,10,1026,6.933423025730715
2120,16,6,939,6.844815479208263
2120,17,11,747,6.616065185132817
2120,18,15,738,6.6039438246004725
2120,19,13,592,6.3835066348840055
2120,20,4,513,6.240275845170769
2120,21,4,526,6.26530121273771
2120,22,12,1059,6.9650803456014065
2120,23,7,1035,6.942156705699469
2121,0,9,913,6.816735880594968
2121,1,5,713,6.569481420414296
2121,2,7,698,6.548219102762372
2121,3,4,514,6.2422232654551655
2121,4,0,252,5.529429087511423
2121,5,1,75,4.31748811353631
2121,6,0,59,4.07753744390572
2121,7,0,24,3.1780538303479458
2121,8,0,50,3.912023005428146
2121,9,3,103,4.634728988229636
2121,10,5,318,5.762051382780177
2121,11,8,611,6.415096959171596
2121,12,21,986,6.893656354602635
2121,13,17,1221,7.107425474110705
2121,14,11,1088,6.992096427415888
2121,15,9,1026,6.933423025730715
2121,16,17,939,6.844815479208263
2121,17,9,747,6.616065185132817
2121,18,11,738,6.6039438246004725
2121,19,6,592,6.3835066348840055
2121,20,6,513,6.240275845170769
2121,21,5,526,6.26530121273771
2121,22,13,1059,6.9650803456014065
2121,23,9,1035,6.942156705699469
2122,0,6,913,6.816735880594968
2122,1,6,713,6.569481420414296
2122,2,0,698,6.548219102762372
2122,3,0,514,6.2422232654551655
2122,4,0,252,5.529429087511423
2122,5,0,75,4.31748811353631
2122,6,0,59,4.07753744390572
2122,7,0,24,3.1780538303479458
2122,8,1,50,3.912023005428146
2122,9,5,103,4.634728988229636
2122,10,3,318,5.762051382780177
2122,11,4,611,6.415096959171596
2122,12,10,986,6.893656354602635
2122,13,17,1221,7.107425474110705
2122,14,6,1088,6.992096427415888
2122,15,8,1026,6.933423025730715
2122,16,12,939,6.844815479208263
2122,17,8,747,6.616065185132817
2122,18,15,738,6.6039438246004725
2122,19,11,592,6.3835066348840055
2122,20,4,513,6.240275845170769
2122,21,3,526,6.26530121273771
2122,22,11,1059,6.9650803456014065
2122,23,2,1035,6.942156705699469
2123,0,9,913,6.816735880594968
2123,1,6,713,6.569481420414296
2123,2,1,698,6.548219102762372
2123,3,5,514,6.2422232654551655
2123,4,2,252,5.529429087511423
2123,5,0,75,4.31748811353631
2123,6,0,59,4.07753744390572
2123,7,1,24,3.1780538303479458
2123,8,1,50,3.912023005428146
2123,9,5,103,4.634728988229636
2123,10,3,318,5.762051382780177
2123,11,9,611,6.415096959171596
2123,12,13,986,6.893656354602635
2123,13,20,1221,7.107425474110705
2123,14,13,1088,6.992096427415888
2123,15,8,1026,6.933423025730715
2123,16,14,939,6.844815479208263
2123,17,9,747,6.616065185132817
2123,18,14,738,6.6039438246004725
2123,19,15,592,6.3835066348840055
2123,20,5,513,6.240275845170769
2123,21,13,526,6.26530121273771
2123,22,13,1059,6.9650803456014065
2123,23,5,1035,6.942156705699469
2124,0,11,913,6.816735880594968
2124,1,9,713,6.569481420414296
2124,2,10,698,6.548219102762372
2124,3,4,514,6.2422232654551655
2124,4,2,252,5.529429087511423
2124,5,0,75,4.31748811353631
2124,6,0,59,4.07753744390572
2124,7,0,24,3.1780538303479458
2124,8,0,50,3.912023005428146
2124,9,4,103,4.634728988229636
2124,10,3,318,5.762051382780177
2124,11,9,611,6.415096959171596
2124,12,16,986,6.893656354602635
2124,13,22,1221,7.107425474110705
2124,14,11,1088,6.992096427415888
2124,15,8,1026,6.933423025730715
2124,16,16,939,6.844815479208263
2124,17,9,747,6.616065185132817
2124,18,20,738,6.6039438246004725
2124,19,13,592,6.3835066348840055
2124,20,9,513,6.240275845170769
2124,21,4,526,6.26530121273771
2124,22,22,1059,6.9650803456014065
2124,23,10,1035,6.942156705699469
2125,0,7,913,6.816735880594968
2125,1,6,713,6.569481420414296
2125,2,1,698,6.548219102762372
2125,3,4,514,6.2422232654551655
2125,4,0,252,5.529429087511423
2125,5,0,75,4.31748811353631
2125,6,0,59,4.07753744390572
2125,7,0,24,3.1780538303479458
2125,8,1,50,3.912023005428146
2125,9,8,103,4.634728988229636
2125,10,6,318,5.762051382780177
2125,11,10,611,6.415096959171596
2125,12,16,986,6.893656354602635
2125,13,27,1221,7.107425474110705
2125,14,16,1088,6.992096427415888
2125,15,16,1026,6.933423025730715
2125,16,13,939,6.844815479208263
2125,17,19,747,6.616065185132817
2125,18,30,738,6.6039438246004725
2125,19,20,592,6.3835066348840055
2125,20,17,513,6.240275845170769
2125,21,7,526,6.26530121273771
2125,22,11,1059,6.9650803456014065
2125,23,10,1035,6.942156705699469
2126,0,17,913,6.816735880594968
2126,1,9,713,6.569481420414296
2126,2,4,698,6.548219102762372
2126,3,6,514,6.2422232654551655
2126,4,1,252,5.529429087511423
2126,5,1,75,4.31748811353631
2126,6,0,59,4.07753744390572
2126,7,0,24,3.1780538303479458
2126,8,2,50,3.912023005428146
2126,9,3,103,4.634728988229636
2126,10,10,318,5.762051382780177
2126,11,20,611,6.415096959171596
2126,12,27,986,6.893656354602635
2126,13,39,1221,7.107425474110705
2126,14,25,1088,6.992096427415888
2126,15,28,1026,6.933423025730715
2126,16,26,939,6.844815479208263
2126,17,19,747,6.616065185132817
2126,18,22,738,6.6039438246004725
2126,19,13,592,6.3835066348840055
2126,20,12,513,6.240275845170769
2126,21,4,526,6.26530121273771
2126,22,9,1059,6.9650803456014065
2126,23,12,1035,6.942156705699469
2127,0,9,913,6.816735880594968
2127,1,9,713,6.569481420414296
2127,2,2,698,6.548219102762372
2127,3,1,514,6.2422232654551655
2127,4,2,252,5.529429087511423
2127,5,0,75,4.31748811353631
2127,6,1,59,4.07753744390572
2127,7,0,24,3.1780538303479458
2127,8,3,50,3.912023005428146
2127,9,8,103,4.634728988229636
2127,10,6,318,5.762051382780177
2127,11,8,611,6.415096959171596
2127,12,15,986,6.893656354602635
2127,13,11,1221,7.107425474110705
2127,14,12,1088,6.992096427415888
2127,15,9,1026,6.933423025730715
2127,16,12,939,6.844815479208263
2127,17,4,747,6.616065185132817
2127,18,11,738,6.6039438246004725
2127,19,9,592,6.3835066348840055
2127,20,6,513,6.240275845170769
2127,21,7,526,6.26530121273771
2127,22,10,1059,6.9650803456014065
2127,23,14,1035,6.942156705699469
2128,0,4,913,6.816735880594968
2128,1,2,713,6.569481420414296
2128,2,2,698,6.548219102762372
2128,3,0,514,6.2422232654551655
2128,4,0,252,5.529429087511423
2128,5,1,75,4.31748811353631
2128,6,0,59,4.07753744390572
2128,7,0,24,3.1780538303479458
2128,8,0,50,3.912023005428146
2128,9,2,103,4.634728988229636
2128,10,4,318,5.762051382780177
2128,11,11,611,6.415096959171596
2128,12,13,986,6.893656354602635
2128,13,21,1221,7.107425474110705
2128,14,13,1088,6.992096427415888
2128,15,14,1026,6.933423025730715
2128,16,14,939,6.844815479208263
2128,17,13,747,6.616065185132817
2128,18,36,738,6.6039438246004725
2128,19,11,592,6.3835066348840055
2128,20,8,513,6.240275845170769
2128,21,10,526,6.26530121273771
2128,22,9,1059,6.9650803456014065
2128,23,13,1035,6.942156705699469
2129,0,8,913,6.816735880594968
2129,1,2,713,6.569481420414296
2129,2,2,698,6.548219102762372
2129,3,1,514,6.2422232654551655
2129,4,0,252,5.529429087511423
2129,5,0,75,4.31748811353631
2129,6,0,59,4.07753744390572
2129,7,0,24,3.1780538303479458
2129,8,0,50,3.912023005428146
2129,9,0,103,4.634728988229636
2129,10,1,318,5.762051382780177
2129,11,3,611,6.415096959171596
2129,12,5,986,6.893656354602635
2129,13,6,1221,7.107425474110705
2129,14,12,1088,6.992096427415888
2129,15,9,1026,6.933423025730715
2129,16,10,939,6.844815479208263
2129,17,5,747,6.616065185132817
2129,18,12,738,6.6039438246004725
2129,19,5,592,6.3835066348840055
2129,20,3,513,6.240275845170769
2129,21,5,526,6.26530121273771
2129,22,1,1059,6.9650803456014065
2129,23,1,1035,6.942156705699469
2130,0,15,913,6.816735880594968
2130,1,6,713,6.569481420414296
2130,2,10,698,6.548219102762372
2130,3,6,514,6.2422232654551655
2130,4,0,252,5.529429087511423
2130,5,0,75,4.31748811353631
2130,6,1,59,4.07753744390572
2130,7,1,24,3.1780538303479458
2130,8,1,50,3.912023005428146
2130,9,1,103,4.634728988229636
2130,10,4,318,5.762051382780177
2130,11,6,611,6.415096959171596
2130,12,8,986,6.893656354602635
2130,13,16,1221,7.107425474110705
2130,14,14,1088,6.992096427415888
2130,15,8,1026,6.933423025730715
2130,16,17,939,6.844815479208263
2130,17,14,747,6.616065185132817
2130,18,20,738,6.6039438246004725
2130,19,8,592,6.3835066348840055
2130,20,10,513,6.240275845170769
2130,21,1,526,6.26530121273771
2130,22,16,1059,6.9650803456014065
2130,23,10,1035,6.942156705699469
2131,0,11,913,6.816735880594968
2131,1,10,713,6.569481420414296
2131,2,1,698,6.548219102762372
2131,3,3,514,6.2422232654551655
2131,4,1,252,5.529429087511423
2131,5,0,75,4.31748811353631
2131,6,0,59,4.07753744390572
2131,7,0,24,3.1780538303479458
2131,8,1,50,3.912023005428146
2131,9,2,103,4.634728988229636
2131,10,4,318,5.762051382780177
2131,11,10,611,6.415096959171596
2131,12,20,986,6.893656354602635
2131,13,25,1221,7.107425474110705
2131,14,15,1088,6.992096427415888
2131,15,16,1026,6.933423025730715
2131,16,13,939,6.844815479208263
2131,17,18,747,6.616065185132817
2131,18,36,738,6.6039438246004725
2131,19,20,592,6.3835066348840055
2131,20,14,513,6.240275845170769
2131,21,16,526,6.26530121273771
2131,22,15,1059,6.9650803456014065
2131,23,12,1035,6.942156705699469
2132,0,9,913,6.816735880594968
2132,1,5,713,6.569481420414296
2132,2,5,698,6.548219102762372
2132,3,3,514,6.2422232654551655
2132,4,2,252,5.529429087511423
2132,5,0,75,4.31748811353631
2132,6,0,59,4.07753744390572
2132,7,0,24,3.1780538303479458
2132,8,0,50,3.912023005428146
2132,9,1,103,4.634728988229636
2132,10,8,318,5.762051382780177
2132,11,3,611,6.415096959171596
2132,12,9,986,6.893656354602635
2132,13,17,1221,7.107425474110705
2132,14,9,1088,6.992096427415888
2132,15,11,1026,6.933423025730715
2132,16,8,939,6.844815479208263
2132,17,11,747,6.616065185132817
2132,18,12,738,6.6039438246004725
2132,19,10,592,6.3835066348840055
2132,20,7,513,6.240275845170769
2132,21,5,526,6.26530121273771
2132,22,8,1059,6.9650803456014065
2132,23,13,1035,6.942156705699469
2133,0,8,913,6.816735880594968
2133,1,1,713,6.569481420414296
2133,2,1,698,6.548219102762372
2133,3,0,514,6.2422232654551655
2133,4,0,252,5.529429087511423
2133,5,0,75,4.31748811353631
2133,6,0,59,4.07753744390572
2133,7,0,24,3.1780538303479458
2133,8,1,50,3.912023005428146
2133,9,0,103,4.634728988229636
2133,10,3,318,5.762051382780177
2133,11,4,611,6.415096959171596
2133,12,5,986,6.893656354602635
2133,13,12,1221,7.107425474110705
2133,14,9,1088,6.992096427415888
2133,15,9,1026,6.933423025730715
2133,16,9,939,6.844815479208263
2133,17,8,747,6.616065185132817
2133,18,11,738,6.6039438246004725
2133,19,5,592,6.3835066348840055
2133,20,6,513,6.240275845170769
2133,21,3,526,6.26530121273771
2133,22,8,1059,6.9650803456014065
2133,23,7,1035,6.942156705699469
2134,0,6,913,6.816735880594968
2134,1,3,713,6.569481420414296
2134,2,3,698,6.548219102762372
2134,3,1,514,6.2422232654551655
2134,4,1,252,5.529429087511423
2134,5,0,75,4.31748811353631
2134,6,0,59,4.07753744390572
2134,7,0,24,3.1780538303479458
2134,8,4,50,3.912023005428146
2134,9,3,103,4.634728988229636
2134,10,3,318,5.762051382780177
2134,11,9,611,6.415096959171596
2134,12,8,986,6.893656354602635
2134,13,14,1221,7.107425474110705
2134,14,9,1088,6.992096427415888
2134,15,11,1026,6.933423025730715
2134,16,18,939,6.844815479208263
2134,17,12,747,6.616065185132817
2134,18,22,738,6.6039438246004725
2134,19,21,592,6.3835066348840055
2134,20,8,513,6.240275845170769
2134,21,5,526,6.26530121273771
2134,22,4,1059,6.9650803456014065
2134,23,3,1035,6.942156705699469
2135,0,7,913,6.816735880594968
2135,1,5,713,6.569481420414296
2135,2,0,698,6.548219102762372
2135,3,0,514,6.2422232654551655
2135,4,0,252,5.529429087511423
2135,5,1,75,4.31748811353631
2135,6,0,59,4.07753744390572
2135,7,0,24,3.1780538303479458
2135,8,1,50,3.912023005428146
2135,9,1,103,4.634728988229636
2135,10,2,318,5.762051382780177
2135,11,15,611,6.415096959171596
2135,12,16,986,6.893656354602635
2135,13,21,1221,7.107425474110705
2135,14,8,1088,6.992096427415888
2135,15,13,1026,6.933423025730715
2135,16,14,939,6.844815479208263
2135,17,14,747,6.616065185132817
2135,18,21,738,6.6039438246004725
2135,19,8,592,6.3835066348840055
2135,20,6,513,6.240275845170769
2135,21,7,526,6.26530121273771
2135,22,4,1059,6.9650803456014065
2135,23,8,1035,6.942156705699469
2147,0,15,913,6.816735880594968
2147,1,7,713,6.569481420414296
2147,2,8,698,6.548219102762372
2147,3,5,514,6.2422232654551655
2147,4,0,252,5.529429087511423
2147,5,0,75,4.31748811353631
2147,6,0,59,4.07753744390572
2147,7,0,24,3.1780538303479458
2147,8,1,50,3.912023005428146
2147,9,3,103,4.634728988229636
2147,10,12,318,5.762051382780177
2147,11,14,611,6.415096959171596
2147,12,20,986,6.893656354602635
2147,13,27,1221,7.107425474110705
2147,14,23,1088,6.992096427415888
2147,15,19,1026,6.933423025730715
2147,16,19,939,6.844815479208263
2147,17,13,747,6.616065185132817
2147,18,15,738,6.6039438246004725
2147,19,10,592,6.3835066348840055
2147,20,7,513,6.240275845170769
2147,21,8,526,6.26530121273771
2147,22,14,1059,6.9650803456014065
2147,23,17,1035,6.942156705699469
2148,0,8,913,6.816735880594968
2148,1,3,713,6.569481420414296
2148,2,1,698,6.548219102762372
2148,3,2,514,6.2422232654551655
2148,4,0,252,5.529429087511423
2148,5,1,75,4.31748811353631
2148,6,0,59,4.07753744390572
2148,7,0,24,3.1780538303479458
2148,8,0,50,3.912023005428146
2148,9,2,103,4.634728988229636
2148,10,2,318,5.762051382780177
2148,11,2,611,6.415096959171596
2148,12,11,986,6.893656354602635
2148,13,10,1221,7.107425474110705
2148,14,11,1088,6.992096427415888
2148,15,3,1026,6.933423025730715
2148,16,7,939,6.844815479208263
2148,17,5,747,6.616065185132817
2148,18,6,738,6.6039438246004725
2148,19,4,592,6.3835066348840055
2148,20,3,513,6.240275845170769
2148,21,1,526,6.26530121273771
2148,22,3,1059,6.9650803456014065
2148,23,5,1035,6.942156705699469
2149,0,7,913,6.816735880594968
2149,1,0,713,6.569481420414296
2149,2,0,698,6.548219102762372
2149,3,0,514,6.2422232654551655
2149,4,0,252,5.529429087511423
2149,5,0,75,4.31748811353631
2149,6,0,59,4.07753744390572
2149,7,0,24,3.1780538303479458
2149,8,7,50,3.912023005428146
2149,9,2,103,4.634728988229636
2149,10,1,318,5.762051382780177
2149,11,13,611,6.415096959171596
2149,12,13,986,6.893656354602635
2149,13,12,1221,7.107425474110705
2149,14,9,1088,6.992096427415888
2149,15,13,1026,6.933423025730715
2149,16,12,939,6.844815479208263
2149,17,5,747,6.616065185132817
2149,18,12,738,6.6039438246004725
2149,19,1,592,6.3835066348840055
2149,20,6,513,6.240275845170769
2149,21,3,526,6.26530121273771
2149,22,2,1059,6.9650803456014065
2149,23,4,1035,6.942156705699469
2151,0,0,913,6.816735880594968
2151,1,2,713,6.569481420414296
2151,2,0,698,6.548219102762372
2151,3,0,514,6.2422232654551655
2151,4,0,252,5.529429087511423
2151,5,0,75,4.31748811353631
2151,6,1,59,4.07753744390572
2151,7,0,24,3.1780538303479458
2151,8,0,50,3.912023005428146
2151,9,1,103,4.634728988229636
2151,10,3,318,5.762051382780177
2151,11,4,611,6.415096959171596
2151,12,3,986,6.893656354602635
2151,13,3,1221,7.107425474110705
2151,14,4,1088,6.992096427415888
2151,15,2,1026,6.933423025730715
2151,16,7,939,6.844815479208263
2151,17,7,747,6.616065185132817
2151,18,6,738,6.6039438246004725
2151,19,1,592,6.3835066348840055
2151,20,1,513,6.240275845170769
2151,21,0,526,6.26530121273771
2151,22,0,1059,6.9650803456014065
2151,23,0,1035,6.942156705699469
2152,0,63,913,6.816735880594968
2152,1,36,713,6.569481420414296
2152,2,52,698,6.548219102762372
2152,3,44,514,6.2422232654551655
2152,4,16,252,5.529429087511423
2152,5,9,75,4.31748811353631
2152,6,15,59,4.07753744390572
2152,7,6,24,3.1780538303479458
2152,8,15,50,3.912023005428146
2152,9,10,103,4.634728988229636
2152,10,18,318,5.762051382780177
2152,11,33,611,6.415096959171596
2152,12,54,986,6.893656354602635
2152,13,44,1221,7.107425474110705
2152,14,62,1088,6.992096427415888
2152,15,76,1026,6.933423025730715
2152,16,86,939,6.844815479208263
2152,17,56,747,6.616065185132817
2152,18,55,738,6.6039438246004725
2152,19,48,592,6.3835066348840055
2152,20,55,513,6.240275845170769
2152,21,27,526,6.26530121273771
2152,22,56,1059,6.9650803456014065
2152,23,47,1035,6.942156705699469
2153,0,2,913,6.816735880594968
2153,1,1,713,6.569481420414296
2153,2,2,698,6.548219102762372
2153,3,0,514,6.2422232654551655
2153,4,1,252,5.529429087511423
2153,5,0,75,4.31748811353631
2153,6,0,59,4.07753744390572
2153,7,0,24,3.1780538303479458
2153,8,1,50,3.912023005428146
2153,9,1,103,4.634728988229636
2153,10,6,318,5.762051382780177
2153,11,11,611,6.415096959171596
2153,12,11,986,6.893656354602635
2153,13,16,1221,7.107425474110705
2153,14,11,1088,6.992096427415888
2153,15,10,1026,6.933423025730715
2153,16,17,939,6.844815479208263
2153,17,8,747,6.616065185132817
2153,18,32,738,6.6039438246004725
2153,19,11,592,6.3835066348840055
2153,20,7,513,6.240275845170769
2153,21,4,526,6.26530121273771
2153,22,8,1059,6.9650803456014065
2153,23,6,1035,6.942156705699469
2154,0,8,913,6.816735880594968
2154,1,6,713,6.569481420414296
2154,2,1,698,6.548219102762372
2154,3,1,514,6.2422232654551655
2154,4,2,252,5.529429087511423
2154,5,0,75,4.31748811353631
2154,6,0,59,4.07753744390572
2154,7,1,24,3.1780538303479458
2154,8,2,50,3.912023005428146
2154,9,3,103,4.634728988229636
2154,10,5,318,5.762051382780177
2154,11,8,611,6.415096959171596
2154,12,6,986,6.893656354602635
2154,13,13,1221,7.107425474110705
2154,14,10,1088,6.992096427415888
2154,15,4,1026,6.933423025730715
2154,16,11,939,6.844815479208263
2154,17,10,747,6.616065185132817
2154,18,15,738,6.6039438246004725
2154,19,9,592,6.3835066348840055
2154,20,7,513,6.240275845170769
2154,21,6,526,6.26530121273771
2154,22,4,1059,6.9650803456014065
2154,23,6,1035,6.942156705699469
2155,0,7,913,6.816735880594968
2155,1,4,713,6.569481420414296
2155,2,0,698,6.548219102762372
2155,3,4,514,6.2422232654551655
2155,4,0,252,5.529429087511423
2155,5,0,75,4.31748811353631
2155,6,0,59,4.07753744390572
2155,7,0,24,3.1780538303479458
2155,8,3,50,3.912023005428146
2155,9,3,103,4.634728988229636
2155,10,3,318,5.762051382780177
2155,11,2,611,6.415096959171596
2155,12,15,986,6.893656354602635
2155,13,4,1221,7.107425474110705
2155,14,9,1088,6.992096427415888
2155,15,4,1026,6.933423025730715
2155,16,9,939,6.844815479208263
2155,17,9,747,6.616065185132817
2155,18,19,738,6.6039438246004725
2155,19,8,592,6.3835066348840055
2155,20,4,513,6.240275845170769
2155,21,3,526,6.26530121273771
2155,22,10,1059,6.9650803456014065
2155,23,5,1035,6.942156705699469
2156,0,4,913,6.816735880594968
2156,1,2,713,6.569481420414296
2156,2,1,698,6.548219102762372
2156,3,1,514,6.2422232654551655
2156,4,3,252,5.529429087511423
2156,5,0,75,4.31748811353631
2156,6,0,59,4.07753744390572
2156,7,0,24,3.1780538303479458
2156,8,0,50,3.912023005428146
2156,9,2,103,4.634728988229636
2156,10,4,318,5.762051382780177
2156,11,3,611,6.415096959171596
2156,12,8,986,6.893656354602635
2156,13,15,1221,7.107425474110705
2156,14,11,1088,6.992096427415888
2156,15,5,1026,6.933423025730715
2156,16,7,939,6.844815479208263
2156,17,11,747,6.616065185132817
2156,18,15,738,6.6039438246004725
2156,19,5,592,6.3835066348840055
2156,20,4,513,6.240275845170769
2156,21,5,526,6.26530121273771
2156,22,9,1059,6.9650803456014065
2156,23,4,1035,6.942156705699469
2158,0,1,913,6.816735880594968
2158,1,0,713,6.569481420414296
2158,2,0,698,6.548219102762372
2158,3,2,514,6.2422232654551655
2158,4,0,252,5.529429087511423
2158,5,0,75,4.31748811353631
2158,6,0,59,4.07753744390572
2158,7,0,24,3.1780538303479458
2158,8,0,50,3.912023005428146
2158,9,1,103,4.634728988229636
2158,10,1,318,5.762051382780177
2158,11,2,611,6.415096959171596
2158,12,9,986,6.893656354602635
2158,13,7,1221,7.107425474110705
2158,14,8,1088,6.992096427415888
2158,15,0,1026,6.933423025730715
2158,16,1,939,6.844815479208263
2158,17,10,747,6.616065185132817
2158,18,10,738,6.6039438246004725
2158,19,2,592,6.3835066348840055
2158,20,1,513,6.240275845170769
2158,21,0,526,6.26530121273771
2158,22,2,1059,6.9650803456014065
2158,23,2,1035,6.942156705699469
2159,0,4,913,6.816735880594968
2159,1,6,713,6.569481420414296
2159,2,0,698,6.548219102762372
2159,3,1,514,6.2422232654551655
2159,4,0,252,5.529429087511423
2159,5,0,75,4.31748811353631
2159,6,0,59,4.07753744390572
2159,7,0,24,3.1780538303479458
2159,8,1,50,3.912023005428146
2159,9,0,103,4.634728988229636
2159,10,5,318,5.762051382780177
2159,11,8,611,6.415096959171596
2159,12,10,986,6.893656354602635
2159,13,6,1221,7.107425474110705
2159,14,11,1088,6.992096427415888
2159,15,10,1026,6.933423025730715
2159,16,9,939,6.844815479208263
2159,17,9,747,6.616065185132817
2159,18,18,738,6.6039438246004725
2159,19,13,592,6.3835066348840055
2159,20,6,513,6.240275845170769
2159,21,4,526,6.26530121273771
2159,22,9,1059,6.9650803456014065
2159,23,1,1035,6.942156705699469
2160,0,11,913,6.816735880594968
2160,1,9,713,6.569481420414296
2160,2,8,698,6.548219102762372
2160,3,7,514,6.2422232654551655
2160,4,4,252,5.529429087511423
2160,5,0,75,4.31748811353631
2160,6,0,59,4.07753744390572
2160,7,0,24,3.1780538303479458
2160,8,0,50,3.912023005428146
2160,9,1,103,4.634728988229636
2160,10,5,318,5.762051382780177
2160,11,6,611,6.415096959171596
2160,12,17,986,6.893656354602635
2160,13,17,1221,7.107425474110705
2160,14,20,1088,6.992096427415888
2160,15,12,1026,6.933423025730715
2160,16,11,939,6.844815479208263
2160,17,8,747,6.616065185132817
2160,18,11,738,6.6039438246004725
2160,19,19,592,6.3835066348840055
2160,20,8,513,6.240275845170769
2160,21,5,526,6.26530121273771
2160,22,22,1059,6.9650803456014065
2160,23,21,1035,6.942156705699469
2161,0,5,913,6.816735880594968
2161,1,1,713,6.569481420414296
2161,2,0,698,6.548219102762372
2161,3,1,514,6.2422232654551655
2161,4,1,252,5.529429087511423
2161,5,0,75,4.31748811353631
2161,6,0,59,4.07753744390572
2161,7,0,24,3.1780538303479458
2161,8,3,50,3.912023005428146
2161,9,1,103,4.634728988229636
2161,10,4,318,5.762051382780177
2161,11,6,611,6.415096959171596
2161,12,8,986,6.893656354602635
2161,13,11,1221,7.107425474110705
2161,14,9,1088,6.992096427415888
2161,15,5,1026,6.933423025730715
2161,16,3,939,6.844815479208263
2161,17,7,747,6.616065185132817
2161,18,10,738,6.6039438246004725
2161,19,8,592,6.3835066348840055
2161,20,4,513,6.240275845170769
2161,21,1,526,6.26530121273771
2161,22,2,1059,6.9650803456014065
2161,23,3,1035,6.942156705699469
2163,0,5,913,6.816735880594968
2163,1,1,713,6.569481420414296
2163,2,1,698,6.548219102762372
2163,3,0,514,6.2422232654551655
2163,4,0,252,5.529429087511423
2163,5,0,75,4.31748811353631
2163,6,0,59,4.07753744390572
2163,7,0,24,3.1780538303479458
2163,8,0,50,3.912023005428146
2163,9,3,103,4.634728988229636
2163,10,7,318,5.762051382780177
2163,11,11,611,6.415096959171596
2163,12,14,986,6.893656354602635
2163,13,25,1221,7.107425474110705
2163,14,31,1088,6.992096427415888
2163,15,29,1026,6.933423025730715
2163,16,28,939,6.844815479208263
2163,17,24,747,6.616065185132817
2163,18,48,738,6.6039438246004725
2163,19,28,592,6.3835066348840055
2163,20,24,513,6.240275845170769
2163,21,3,526,6.26530121273771
2163,22,14,1059,6.9650803456014065
2163,23,20,1035,6.942156705699469
2164,0,5,913,6.816735880594968
2164,1,4,713,6.569481420414296
2164,2,2,698,6.548219102762372
2164,3,2,514,6.2422232654551655
2164,4,0,252,5.529429087511423
2164,5,1,75,4.31748811353631
2164,6,0,59,4.07753744390572
2164,7,0,24,3.1780538303479458
2164,8,0,50,3.912023005428146
2164,9,3,103,4.634728988229636
2164,10,3,318,5.762051382780177
2164,11,11,611,6.415096959171596
2164,12,7,986,6.893656354602635
2164,13,8,1221,7.107425474110705
2164,14,8,1088,6.992096427415888
2164,15,10,1026,6.933423025730715
2164,16,7,939,6.844815479208263
2164,17,4,747,6.616065185132817
2164,18,11,738,6.6039438246004725
2164,19,5,592,6.3835066348840055
2164,20,5,513,6.240275845170769
2164,21,5,526,6.26530121273771
2164,22,5,1059,6.9650803456014065
2164,23,13,1035,6.942156705699469
2165,0,6,913,6.816735880594968
2165,1,9,713,6.569481420414296
2165,2,7,698,6.548219102762372
2165,3,12,514,6.2422232654551655
2165,4,0,252,5.529429087511423
2165,5,1,75,4.31748811353631
2165,6,2,59,4.07753744390572
2165,7,1,24,3.1780538303479458
2165,8,0,50,3.912023005428146
2165,9,4,103,4.634728988229636
2165,10,10,318,5.762051382780177
2165,11,5,611,6.415096959171596
2165,12,40,986,6.893656354602635
2165,13,22,1221,7.107425474110705
2165,14,42,1088,6.992096427415888
2165,15,19,1026,6.933423025730715
2165,16,17,939,6.844815479208263
2165,17,15,747,6.616065185132817
2165,18,31,738,6.6039438246004725
2165,19,33,592,6.3835066348840055
2165,20,14,513,6.240275845170769
2165,21,6,526,6.26530121273771
2165,22,19,1059,6.9650803456014065
2165,23,12,1035,6.942156705699469
2166,0,11,913,6.816735880594968
2166,1,5,713,6.569481420414296
2166,2,4,698,6.548219102762372
2166,3,0,514,6.2422232654551655
2166,4,1,252,5.529429087511423
2166,5,1,75,4.31748811353631
2166,6,2,59,4.07753744390572
2166,7,0,24,3.1780538303479458
2166,8,0,50,3.912023005428146
2166,9,0,103,4.634728988229636
2166,10,5,318,5.762051382780177
2166,11,9,611,6.415096959171596
2166,12,19,986,6.893656354602635
2166,13,17,1221,7.107425474110705
2166,14,12,1088,6.992096427415888
2166,15,18,1026,6.933423025730715
2166,16,16,939,6.844815479208263
2166,17,16,747,6.616065185132817
2166,18,25,738,6.6039438246004725
2166,19,19,592,6.3835066348840055
2166,20,18,513,6.240275845170769
2166,21,11,526,6.26530121273771
2166,22,15,1059,6.9650803456014065
2166,23,15,1035,6.942156705699469
2167,0,13,913,6.816735880594968
2167,1,4,713,6.569481420414296
2167,2,6,698,6.548219102762372
2167,3,3,514,6.2422232654551655
2167,4,3,252,5.529429087511423
2167,5,3,75,4.31748811353631
2167,6,0,59,4.07753744390572
2167,7,0,24,3.1780538303479458
2167,8,1,50,3.912023005428146
2167,9,1,103,4.634728988229636
2167,10,6,318,5.762051382780177
2167,11,6,611,6.415096959171596
2167,12,12,986,6.893656354602635
2167,13,8,1221,7.107425474110705
2167,14,15,1088,6.992096427415888
2167,15,12,1026,6.933423025730715
2167,16,7,939,6.844815479208263
2167,17,4,747,6.616065185132817
2167,18,11,738,6.6039438246004725
2167,19,10,592,6.3835066348840055
2167,20,7,513,6.240275845170769
2167,21,5,526,6.26530121273771
2167,22,7,1059,6.9650803456014065
2167,23,10,1035,6.942156705699469
2168,0,10,913,6.816735880594968
2168,1,3,713,6.569481420414296
2168,2,2,698,6.548219102762372
2168,3,3,514,6.2422232654551655
2168,4,1,252,5.529429087511423
2168,5,0,75,4.31748811353631
2168,6,0,59,4.07753744390572
2168,7,0,24,3.1780538303479458
2168,8,0,50,3.912023005428146
2168,9,2,103,4.634728988229636
2168,10,4,318,5.762051382780177
2168,11,6,611,6.415096959171596
2168,12,12,986,6.893656354602635
2168,13,19,1221,7.107425474110705
2168,14,5,1088,6.992096427415888
2168,15,7,1026,6.933423025730715
2168,16,6,939,6.844815479208263
2168,17,8,747,6.616065185132817
2168,18,17,738,6.6039438246004725
2168,19,8,592,6.3835066348840055
2168,20,8,513,6.240275845170769
2168,21,7,526,6.26530121273771
2168,22,10,1059,6.9650803456014065
2168,23,12,1035,6.942156705699469
2170,0,11,913,6.816735880594968
2170,1,8,713,6.569481420414296
2170,2,7,698,6.548219102762372
2170,3,6,514,6.2422232654551655
2170,4,0,252,5.529429087511423
2170,5,0,75,4.31748811353631
2170,6,0,59,4.07753744390572
2170,7,0,24,3.1780538303479458
2170,8,1,50,3.912023005428146
2170,9,6,103,4.634728988229636
2170,10,7,318,5.762051382780177
2170,11,9,611,6.415096959171596
2170,12,32,986,6.893656354602635
2170,13,31,1221,7.107425474110705
2170,14,29,1088,6.992096427415888
2170,15,24,1026,6.933423025730715
2170,16,25,939,6.844815479208263
2170,17,22,747,6.616065185132817
2170,18,38,738,6.6039438246004725
2170,19,24,592,6.3835066348840055
2170,20,25,513,6.240275845170769
2170,21,13,526,6.26530121273771
2170,22,11,1059,6.9650803456014065
2170,23,16,1035,6.942156705699469
2171,0,4,913,6.816735880594968
2171,1,3,713,6.569481420414296
2171,2,3,698,6.548219102762372
2171,3,1,514,6.2422232654551655
2171,4,0,252,5.529429087511423
2171,5,0,75,4.31748811353631
2171,6,0,59,4.07753744390572
2171,7,0,24,3.1780538303479458
2171,8,0,50,3.912023005428146
2171,9,1,103,4.634728988229636
2171,10,3,318,5.762051382780177
2171,11,4,611,6.415096959171596
2171,12,8,986,6.893656354602635
2171,13,8,1221,7.107425474110705
2171,14,9,1088,6.992096427415888
2171,15,8,1026,6.933423025730715
2171,16,8,939,6.844815479208263
2171,17,15,747,6.616065185132817
2171,18,10,738,6.6039438246004725
2171,19,6,592,6.3835066348840055
2171,20,2,513,6.240275845170769
2171,21,0,526,6.26530121273771
2171,22,7,1059,6.9650803456014065
2171,23,5,1035,6.942156705699469
2172,0,2,913,6.816735880594968
2172,1,4,713,6.569481420414296
2172,2,2,698,6.548219102762372
2172,3,0,514,6.2422232654551655
2172,4,1,252,5.529429087511423
2172,5,2,75,4.31748811353631
2172,6,0,59,4.07753744390572
2172,7,0,24,3.1780538303479458
2172,8,0,50,3.912023005428146
2172,9,2,103,4.634728988229636
2172,10,0,318,5.762051382780177
2172,11,2,611,6.415096959171596
2172,12,5,986,6.893656354602635
2172,13,4,1221,7.107425474110705
2172,14,4,1088,6.992096427415888
2172,15,3,1026,6.933423025730715
2172,16,5,939,6.844815479208263
2172,17,11,747,6.616065185132817
2172,18,15,738,6.6039438246004725
2172,19,4,592,6.3835066348840055
2172,20,3,513,6.240275845170769
2172,21,5,526,6.26530121273771
2172,22,8,1059,6.9650803456014065
2172,23,3,1035,6.942156705699469
2173,0,6,913,6.816735880594968
2173,1,5,713,6.569481420414296
2173,2,6,698,6.548219102762372
2173,3,3,514,6.2422232654551655
2173,4,1,252,5.529429087511423
2173,5,0,75,4.31748811353631
2173,6,0,59,4.07753744390572
2173,7,0,24,3.1780538303479458
2173,8,1,50,3.912023005428146
2173,9,3,103,4.634728988229636
2173,10,3,318,5.762051382780177
2173,11,11,611,6.415096959171596
2173,12,18,986,6.893656354602635
2173,13,18,1221,7.107425474110705
2173,14,10,1088,6.992096427415888
2173,15,17,1026,6.933423025730715
2173,16,14,939,6.844815479208263
2173,17,8,747,6.616065185132817
2173,18,20,738,6.6039438246004725
2173,19,13,592,6.3835066348840055
2173,20,9,513,6.240275845170769
2173,21,6,526,6.26530121273771
2173,22,7,1059,6.9650803456014065
2173,23,6,1035,6.942156705699469
2174,0,11,913,6.816735880594968
2174,1,5,713,6.569481420414296
2174,2,5,698,6.548219102762372
2174,3,7,514,6.2422232654551655
2174,4,0,252,5.529429087511423
2174,5,2,75,4.31748811353631
2174,6,7,59,4.07753744390572
2174,7,3,24,3.1780538303479458
2174,8,1,50,3.912023005428146
2174,9,3,103,4.634728988229636
2174,10,15,318,5.762051382780177
2174,11,8,611,6.415096959171596
2174,12,16,986,6.893656354602635
2174,13,14,1221,7.107425474110705
2174,14,8,1088,6.992096427415888
2174,15,8,1026,6.933423025730715
2174,16,4,939,6.844815479208263
2174,17,7,747,6.616065185132817
2174,18,11,738,6.6039438246004725
2174,19,11,592,6.3835066348840055
2174,20,3,513,6.240275845170769
2174,21,4,526,6.26530121273771
2174,22,16,1059,6.9650803456014065
2174,23,13,1035,6.942156705699469
2175,0,5,913,6.816735880594968
2175,1,5,713,6.569481420414296
2175,2,3,698,6.548219102762372
2175,3,0,514,6.2422232654551655
2175,4,1,252,5.529429087511423
2175,5,0,75,4.31748811353631
2175,6,0,59,4.07753744390572
2175,7,0,24,3.1780538303479458
2175,8,0,50,3.912023005428146
2175,9,3,103,4.634728988229636
2175,10,2,318,5.762051382780177
2175,11,4,611,6.415096959171596
2175,12,8,986,6.893656354602635
2175,13,7,1221,7.107425474110705
2175,14,6,1088,6.992096427415888
2175,15,6,1026,6.933423025730715
2175,16,7,939,6.844815479208263
2175,17,7,747,6.616065185132817
2175,18,14,738,6.6039438246004725
2175,19,13,592,6.3835066348840055
2175,20,9,513,6.240275845170769
2175,21,8,526,6.26530121273771
2175,22,7,1059,6.9650803456014065
2175,23,16,1035,6.942156705699469
2176,0,22,913,6.816735880594968
2176,1,18,713,6.569481420414296
2176,2,18,698,6.548219102762372
2176,3,20,514,6.2422232654551655
2176,4,13,252,5.529429087511423
2176,5,3,75,4.31748811353631
2176,6,0,59,4.07753744390572
2176,7,0,24,3.1780538303479458
2176,8,0,50,3.912023005428146
2176,9,4,103,4.634728988229636
2176,10,3,318,5.762051382780177
2176,11,2,611,6.415096959171596
2176,12,16,986,6.893656354602635
2176,13,19,1221,7.107425474110705
2176,14,19,1088,6.992096427415888
2176,15,18,1026,6.933423025730715
2176,16,16,939,6.844815479208263
2176,17,17,747,6.616065185132817
2176,18,17,738,6.6039438246004725
2176,19,20,592,6.3835066348840055
2176,20,15,513,6.240275845170769
2176,21,12,526,6.26530121273771
2176,22,21,1059,6.9650803456014065
2176,23,15,1035,6.942156705699469
2177,0,4,913,6.816735880594968
2177,1,3,713,6.569481420414296
2177,2,4,698,6.548219102762372
2177,3,3,514,6.2422232654551655
2177,4,0,252,5.529429087511423
2177,5,0,75,4.31748811353631
2177,6,0,59,4.07753744390572
2177,7,0,24,3.1780538303479458
2177,8,0,50,3.912023005428146
2177,9,1,103,4.634728988229636
2177,10,4,318,5.762051382780177
2177,11,4,611,6.415096959171596
2177,12,6,986,6.893656354602635
2177,13,22,1221,7.107425474110705
2177,14,7,1088,6.992096427415888
2177,15,7,1026,6.933423025730715
2177,16,16,939,6.844815479208263
2177,17,14,747,6.616065185132817
2177,18,20,738,6.6039438246004725
2177,19,9,592,6.3835066348840055
2177,20,11,513,6.240275845170769
2177,21,3,526,6.26530121273771
2177,22,14,1059,6.9650803456014065
2177,23,8,1035,6.942156705699469
2178,0,9,913,6.816735880594968
2178,1,7,713,6.569481420414296
2178,2,9,698,6.548219102762372
2178,3,8,514,6.2422232654551655
2178,4,4,252,5.529429087511423
2178,5,2,75,4.31748811353631
2178,6,0,59,4.07753744390572
2178,7,0,24,3.1780538303479458
2178,8,0,50,3.912023005428146
2178,9,4,103,4.634728988229636
2178,10,4,318,5.762051382780177
2178,11,15,611,6.415096959171596
2178,12,19,986,6.893656354602635
2178,13,28,1221,7.107425474110705
2178,14,16,1088,6.992096427415888
2178,15,11,1026,6.933423025730715
2178,16,15,939,6.844815479208263
2178,17,22,747,6.616065185132817
2178,18,36,738,6.6039438246004725
2178,19,16,592,6.3835066348840055
2178,20,17,513,6.240275845170769
2178,21,16,526,6.26530121273771
2178,22,15,1059,6.9650803456014065
2178,23,24,1035,6.942156705699469
2179,0,5,913,6.816735880594968
2179,1,5,713,6.569481420414296
2179,2,6,698,6.548219102762372
2179,3,3,514,6.2422232654551655
2179,4,1,252,5.529429087511423
2179,5,0,75,4.31748811353631
2179,6,0,59,4.07753744390572
2179,7,0,24,3.1780538303479458
2179,8,0,50,3.912023005428146
2179,9,1,103,4.634728988229636
2179,10,6,318,5.762051382780177
2179,11,12,611,6.415096959171596
2179,12,10,986,6.893656354602635
2179,13,16,1221,7.107425474110705
2179,14,10,1088,6.992096427415888
2179,15,13,1026,6.933423025730715
2179,16,19,939,6.844815479208263
2179,17,14,747,6.616065185132817
2179,18,13,738,6.6039438246004725
2179,19,6,592,6.3835066348840055
2179,20,15,513,6.240275845170769
2179,21,8,526,6.26530121273771
2179,22,12,1059,6.9650803456014065
2179,23,10,1035,6.942156705699469
2180,0,8,913,6.816735880594968
2180,1,5,713,6.569481420414296
2180,2,2,698,6.548219102762372
2180,3,2,514,6.2422232654551655
2180,4,1,252,5.529429087511423
2180,5,1,75,4.31748811353631
2180,6,0,59,4.07753744390572
2180,7,0,24,3.1780538303479458
2180,8,0,50,3.912023005428146
2180,9,1,103,4.634728988229636
2180,10,3,318,5.762051382780177
2180,11,5,611,6.415096959171596
2180,12,6,986,6.893656354602635
2180,13,10,1221,7.107425474110705
2180,14,14,1088,6.992096427415888
2180,15,6,1026,6.933423025730715
2180,16,10,939,6.844815479208263
2180,17,7,747,6.616065185132817
2180,18,17,738,6.6039438246004725
2180,19,5,592,6.3835066348840055
2180,20,6,513,6.240275845170769
2180,21,1,526,6.26530121273771
2180,22,4,1059,6.9650803456014065
2180,23,1,1035,6.942156705699469
2183,0,2,913,6.816735880594968
2183,1,3,713,6.569481420414296
2183,2,1,698,6.548219102762372
2183,3,0,514,6.2422232654551655
2183,4,0,252,5.529429087511423
2183,5,0,75,4.31748811353631
2183,6,0,59,4.07753744390572
2183,7,0,24,3.1780538303479458
2183,8,0,50,3.912023005428146
2183,9,1,103,4.634728988229636
2183,10,7,318,5.762051382780177
2183,11,4,611,6.415096959171596
2183,12,4,986,6.893656354602635
2183,13,14,1221,7.107425474110705
2183,14,6,1088,6.992096427415888
2183,15,8,1026,6.933423025730715
2183,16,7,939,6.844815479208263
2183,17,0,747,6.616065185132817
2183,18,14,738,6.6039438246004725
2183,19,5,592,6.3835066348840055
2183,20,2,513,6.240275845170769
2183,21,3,526,6.26530121273771
2183,22,5,1059,6.9650803456014065
2183,23,1,1035,6.942156705699469
2184,0,23,913,6.816735880594968
2184,1,16,713,6.569481420414296
2184,2,20,698,6.548219102762372
2184,3,13,514,6.2422232654551655
2184,4,6,252,5.529429087511423
2184,5,0,75,4.31748811353631
2184,6,0,59,4.07753744390572
2184,7,0,24,3.1780538303479458
2184,8,1,50,3.912023005428146
2184,9,0,103,4.634728988229636
2184,10,2,318,5.762051382780177
2184,11,0,611,6.415096959171596
2184,12,9,986,6.893656354602635
2184,13,13,1221,7.107425474110705
2184,14,12,1088,6.992096427415888
2184,15,6,1026,6.933423025730715
2184,16,5,939,6.844815479208263
2184,17,8,747,6.616065185132817
2184,18,17,738,6.6039438246004725
2184,19,15,592,6.3835066348840055
2184,20,19,513,6.240275845170769
2184,21,13,526,6.26530121273771
2184,22,22,1059,6.9650803456014065
2184,23,21,1035,6.942156705699469
2185,0,7,913,6.816735880594968
2185,1,3,713,6.569481420414296
2185,2,0,698,6.548219102762372
2185,3,3,514,6.2422232654551655
2185,4,1,252,5.529429087511423
2185,5,0,75,4.31748811353631
2185,6,1,59,4.07753744390572
2185,7,0,24,3.1780538303479458
2185,8,3,50,3.912023005428146
2185,9,1,103,4.634728988229636
2185,10,5,318,5.762051382780177
2185,11,5,611,6.415096959171596
2185,12,19,986,6.893656354602635
2185,13,21,1221,7.107425474110705
2185,14,18,1088,6.992096427415888
2185,15,11,1026,6.933423025730715
2185,16,9,939,6.844815479208263
2185,17,16,747,6.616065185132817
2185,18,23,738,6.6039438246004725
2185,19,13,592,6.3835066348840055
2185,20,7,513,6.240275845170769
2185,21,4,526,6.26530121273771
2185,22,5,1059,6.9650803456014065
2185,23,8,1035,6.942156705699469
2186,0,6,913,6.816735880594968
2186,1,4,713,6.569481420414296
2186,2,2,698,6.548219102762372
2186,3,0,514,6.2422232654551655
2186,4,1,252,5.529429087511423
2186,5,1,75,4.31748811353631
2186,6,2,59,4.07753744390572
2186,7,0,24,3.1780538303479458
2186,8,2,50,3.912023005428146
2186,9,5,103,4.634728988229636
2186,10,6,318,5.762051382780177
2186,11,4,611,6.415096959171596
2186,12,25,986,6.893656354602635
2186,13,41,1221,7.107425474110705
2186,14,28,1088,6.992096427415888
2186,15,23,1026,6.933423025730715
2186,16,18,939,6.844815479208263
2186,17,10,747,6.616065185132817
2186,18,35,738,6.6039438246004725
2186,19,20,592,6.3835066348840055
2186,20,13,513,6.240275845170769
2186,21,9,526,6.26530121273771
2186,22,7,1059,6.9650803456014065
2186,23,4,1035,6.942156705699469
2187,0,7,913,6.816735880594968
2187,1,5,713,6.569481420414296
2187,2,0,698,6.548219102762372
2187,3,1,514,6.2422232654551655
2187,4,1,252,5.529429087511423
2187,5,0,75,4.31748811353631
2187,6,0,59,4.07753744390572
2187,7,0,24,3.1780538303479458
2187,8,1,50,3.912023005428146
2187,9,2,103,4.634728988229636
2187,10,3,318,5.762051382780177
2187,11,4,611,6.415096959171596
2187,12,18,986,6.893656354602635
2187,13,14,1221,7.107425474110705
2187,14,8,1088,6.992096427415888
2187,15,12,1026,6.933423025730715
2187,16,2,939,6.844815479208263
2187,17,8,747,6.616065185132817
2187,18,12,738,6.6039438246004725
2187,19,6,592,6.3835066348840055
2187,20,5,513,6.240275845170769
2187,21,3,526,6.26530121273771
2187,22,13,1059,6.9650803456014065
2187,23,5,1035,6.942156705699469
2188,0,3,913,6.816735880594968
2188,1,3,713,6.569481420414296
2188,2,0,698,6.548219102762372
2188,3,0,514,6.2422232654551655
2188,4,1,252,5.529429087511423
2188,5,0,75,4.31748811353631
2188,6,0,59,4.07753744390572
2188,7,0,24,3.1780538303479458
2188,8,0,50,3.912023005428146
2188,9,0,103,4.634728988229636
2188,10,0,318,5.762051382780177
2188,11,2,611,6.415096959171596
2188,12,1,986,6.893656354602635
2188,13,3,1221,7.107425474110705
2188,14,6,1088,6.992096427415888
2188,15,3,1026,6.933423025730715
2188,16,7,939,6.844815479208263
2188,17,7,747,6.616065185132817
2188,18,7,738,6.6039438246004725
2188,19,4,592,6.3835066348840055
2188,20,8,513,6.240275845170769
2188,21,5,526,6.26530121273771
2188,22,3,1059,6.9650803456014065
2188,23,4,1035,6.942156705699469
2189,0,12,913,6.816735880594968
2189,1,11,713,6.569481420414296
2189,2,11,698,6.548219102762372
2189,3,1,514,6.2422232654551655
2189,4,1,252,5.529429087511423
2189,5,0,75,4.31748811353631
2189,6,0,59,4.07753744390572
2189,7,0,24,3.1780538303479458
2189,8,8,50,3.912023005428146
2189,9,10,103,4.634728988229636
2189,10,10,318,5.762051382780177
2189,11,14,611,6.415096959171596
2189,12,17,986,6.893656354602635
2189,13,22,1221,7.107425474110705
2189,14,17,1088,6.992096427415888
2189,15,22,1026,6.933423025730715
2189,16,14,939,6.844815479208263
2189,17,17,747,6.616065185132817
2189,18,21,738,6.6039438246004725
2189,19,35,592,6.3835066348840055
2189,20,29,513,6.240275845170769
2189,21,8,526,6.26530121273771
2189,22,24,1059,6.9650803456014065
2189,23,8,1035,6.942156705699469
2190,0,0,913,6.816735880594968
2190,1,1,713,6.569481420414296
2190,2,0,698,6.548219102762372
2190,3,0,514,6.2422232654551655
2190,4,1,252,5.529429087511423
2190,5,2,75,4.31748811353631
2190,6,0,59,4.07753744390572
2190,7,0,24,3.1780538303479458
2190,8,0,50,3.912023005428146
2190,9,0,103,4.634728988229636
2190,10,0,318,5.762051382780177
2190,11,2,611,6.415096959171596
2190,12,2,986,6.893656354602635
2190,13,3,1221,7.107425474110705
2190,14,2,1088,6.992096427415888
2190,15,3,1026,6.933423025730715
2190,16,4,939,6.844815479208263
2190,17,5,747,6.616065185132817
2190,18,4,738,6.6039438246004725
2190,19,2,592,6.3835066348840055
2190,20,1,513,6.240275845170769
2190,21,3,526,6.26530121273771
2190,22,6,1059,6.9650803456014065
2190,23,4,1035,6.942156705699469
2191,0,2,913,6.816735880594968
2191,1,5,713,6.569481420414296
2191,2,5,698,6.548219102762372
2191,3,0,514,6.2422232654551655
2191,4,3,252,5.529429087511423
2191,5,0,75,4.31748811353631
2191,6,0,59,4.07753744390572
2191,7,0,24,3.1780538303479458
2191,8,0,50,3.912023005428146
2191,9,0,103,4.634728988229636
2191,10,2,318,5.762051382780177
2191,11,2,611,6.415096959171596
2191,12,7,986,6.893656354602635
2191,13,12,1221,7.107425474110705
2191,14,16,1088,6.992096427415888
2191,15,5,1026,6.933423025730715
2191,16,11,939,6.844815479208263
2191,17,11,747,6.616065185132817
2191,18,12,738,6.6039438246004725
2191,19,7,592,6.3835066348840055
2191,20,4,513,6.240275845170769
2191,21,7,526,6.26530121273771
2191,22,9,1059,6.9650803456014065
2191,23,2,1035,6.942156705699469
2194,0,6,913,6.816735880594968
2194,1,3,713,6.569481420414296
2194,2,1,698,6.548219102762372
2194,3,1,514,6.2422232654551655
2194,4,2,252,5.529429087511423
2194,5,2,75,4.31748811353631
2194,6,1,59,4.07753744390572
2194,7,0,24,3.1780538303479458
2194,8,0,50,3.912023005428146
2194,9,3,103,4.634728988229636
2194,10,5,318,5.762051382780177
2194,11,6,611,6.415096959171596
2194,12,12,986,6.893656354602635
2194,13,12,1221,7.107425474110705
2194,14,7,1088,6.992096427415888
2194,15,11,1026,6.933423025730715
2194,16,18,939,6.844815479208263
2194,17,13,747,6.616065185132817
2194,18,12,738,6.6039438246004725
2194,19,11,592,6.3835066348840055
2194,20,5,513,6.240275845170769
2194,21,2,526,6.26530121273771
2194,22,5,1059,6.9650803456014065
2194,23,6,1035,6.942156705699469
2195,0,5,913,6.816735880594968
2195,1,1,713,6.569481420414296
2195,2,1,698,6.548219102762372
2195,3,1,514,6.2422232654551655
2195,4,0,252,5.529429087511423
2195,5,0,75,4.31748811353631
2195,6,0,59,4.07753744390572
2195,7,0,24,3.1780538303479458
2195,8,0,50,3.912023005428146
2195,9,0,103,4.634728988229636
2195,10,1,318,5.762051382780177
2195,11,4,611,6.415096959171596
2195,12,10,986,6.893656354602635
2195,13,10,1221,7.107425474110705
2195,14,8,1088,6.992096427415888
2195,15,7,1026,6.933423025730715
2195,16,2,939,6.844815479208263
2195,17,8,747,6.616065185132817
2195,18,12,738,6.6039438246004725
2195,19,8,592,6.3835066348840055
2195,20,7,513,6.240275845170769
2195,21,2,526,6.26530121273771
2195,22,3,1059,6.9650803456014065
2195,23,5,1035,6.942156705699469
2196,0,1,913,6.816735880594968
2196,1,1,713,6.569481420414296
2196,2,5,698,6.548219102762372
2196,3,2,514,6.2422232654551655
2196,4,1,252,5.529429087511423
2196,5,0,75,4.31748811353631
2196,6,2,59,4.07753744390572
2196,7,0,24,3.1780538303479458
2196,8,0,50,3.912023005428146
2196,9,0,103,4.634728988229636
2196,10,3,318,5.762051382780177
2196,11,0,611,6.415096959171596
2196,12,5,986,6.893656354602635
2196,13,3,1221,7.107425474110705
2196,14,3,1088,6.992096427415888
2196,15,4,1026,6.933423025730715
2196,16,6,939,6.844815479208263
2196,17,3,747,6.616065185132817
2196,18,15,738,6.6039438246004725
2196,19,4,592,6.3835066348840055
2196,20,2,513,6.240275845170769
2196,21,1,526,6.26530121273771
2196,22,4,1059,6.9650803456014065
2196,23,4,1035,6.942156705699469
2197,0,4,913,6.816735880594968
2197,1,4,713,6.569481420414296
2197,2,2,698,6.548219102762372
2197,3,6,514,6.2422232654551655
2197,4,2,252,5.529429087511423
2197,5,1,75,4.31748811353631
2197,6,0,59,4.07753744390572
2197,7,0,24,3.1780538303479458
2197,8,1,50,3.912023005428146
2197,9,1,103,4.634728988229636
2197,10,1,318,5.762051382780177
2197,11,4,611,6.415096959171596
2197,12,8,986,6.893656354602635
2197,13,15,1221,7.107425474110705
2197,14,7,1088,6.992096427415888
2197,15,7,1026,6.933423025730715
2197,16,10,939,6.844815479208263
2197,17,7,747,6.616065185132817
2197,18,10,738,6.6039438246004725
2197,19,15,592,6.3835066348840055
2197,20,9,513,6.240275845170769
2197,21,7,526,6.26530121273771
2197,22,11,1059,6.9650803456014065
2197,23,1,1035,6.942156705699469
2198,0,11,913,6.816735880594968
2198,1,6,713,6.569481420414296
2198,2,2,698,6.548219102762372
2198,3,1,514,6.2422232654551655
2198,4,1,252,5.529429087511423
2198,5,2,75,4.31748811353631
2198,6,1,59,4.07753744390572
2198,7,0,24,3.1780538303479458
2198,8,2,50,3.912023005428146
2198,9,2,103,4.634728988229636
2198,10,3,318,5.762051382780177
2198,11,1,611,6.415096959171596
2198,12,10,986,6.893656354602635
2198,13,10,1221,7.107425474110705
2198,14,7,1088,6.992096427415888
2198,15,13,1026,6.933423025730715
2198,16,15,939,6.844815479208263
2198,17,7,747,6.616065185132817
2198,18,17,738,6.6039438246004725
2198,19,6,592,6.3835066348840055
2198,20,8,513,6.240275845170769
2198,21,7,526,6.26530121273771
2198,22,11,1059,6.9650803456014065
2198,23,8,1035,6.942156705699469
2199,0,6,913,6.816735880594968
2199,1,0,713,6.569481420414296
2199,2,1,698,6.548219102762372
2199,3,1,514,6.2422232654551655
2199,4,1,252,5.529429087511423
2199,5,0,75,4.31748811353631
2199,6,0,59,4.07753744390572
2199,7,0,24,3.1780538303479458
2199,8,0,50,3.912023005428146
2199,9,0,103,4.634728988229636
2199,10,0,318,5.762051382780177
2199,11,1,611,6.415096959171596
2199,12,7,986,6.893656354602635
2199,13,2,1221,7.107425474110705
2199,14,4,1088,6.992096427415888
2199,15,6,1026,6.933423025730715
2199,16,2,939,6.844815479208263
2199,17,3,747,6.616065185132817
2199,18,4,738,6.6039438246004725
2199,19,3,592,6.3835066348840055
2199,20,2,513,6.240275845170769
2199,21,3,526,6.26530121273771
2199,22,0,1059,6.9650803456014065
2199,23,2,1035,6.942156705699469
2200,0,5,913,6.816735880594968
2200,1,3,713,6.569481420414296
2200,2,4,698,6.548219102762372
2200,3,0,514,6.2422232654551655
2200,4,0,252,5.529429087511423
2200,5,2,75,4.31748811353631
2200,6,0,59,4.07753744390572
2200,7,0,24,3.1780538303479458
2200,8,0,50,3.912023005428146
2200,9,0,103,4.634728988229636
2200,10,3,318,5.762051382780177
2200,11,2,611,6.415096959171596
2200,12,3,986,6.893656354602635
2200,13,9,1221,7.107425474110705
2200,14,5,1088,6.992096427415888
2200,15,6,1026,6.933423025730715
2200,16,5,939,6.844815479208263
2200,17,5,747,6.616065185132817
2200,18,4,738,6.6039438246004725
2200,19,3,592,6.3835066348840055
2200,20,2,513,6.240275845170769
2200,21,3,526,6.26530121273771
2200,22,3,1059,6.9650803456014065
2200,23,3,1035,6.942156705699469
2201,0,2,913,6.816735880594968
2201,1,1,713,6.569481420414296
2201,2,2,698,6.548219102762372
2201,3,2,514,6.2422232654551655
2201,4,0,252,5.529429087511423
2201,5,2,75,4.31748811353631
2201,6,0,59,4.07753744390572
2201,7,0,24,3.1780538303479458
2201,8,0,50,3.912023005428146
2201,9,2,103,4.634728988229636
2201,10,1,318,5.762051382780177
2201,11,2,611,6.415096959171596
2201,12,3,986,6.893656354602635
2201,13,13,1221,7.107425474110705
2201,14,9,1088,6.992096427415888
2201,15,3,1026,6.933423025730715
2201,16,4,939,6.844815479208263
2201,17,7,747,6.616065185132817
2201,18,3,738,6.6039438246004725
2201,19,6,592,6.3835066348840055
2201,20,3,513,6.240275845170769
2201,21,2,526,6.26530121273771
2201,22,1,1059,6.9650803456014065
2201,23,4,1035,6.942156705699469
2202,0,2,913,6.816735880594968
2202,1,5,713,6.569481420414296
2202,2,1,698,6.548219102762372
2202,3,3,514,6.2422232654551655
2202,4,1,252,5.529429087511423
2202,5,2,75,4.31748811353631
2202,6,0,59,4.07753744390572
2202,7,0,24,3.1780538303479458
2202,8,0,50,3.912023005428146
2202,9,1,103,4.634728988229636
2202,10,2,318,5.762051382780177
2202,11,0,611,6.415096959171596
2202,12,7,986,6.893656354602635
2202,13,4,1221,7.107425474110705
2202,14,2,1088,6.992096427415888
2202,15,6,1026,6.933423025730715
2202,16,4,939,6.844815479208263
2202,17,6,747,6.616065185132817
2202,18,7,738,6.6039438246004725
2202,19,3,592,6.3835066348840055
2202,20,5,513,6.240275845170769
2202,21,0,526,6.26530121273771
2202,22,1,1059,6.9650803456014065
2202,23,3,1035,6.942156705699469
2203,0,2,913,6.816735880594968
2203,1,0,713,6.569481420414296
2203,2,0,698,6.548219102762372
2203,3,0,514,6.2422232654551655
2203,4,0,252,5.529429087511423
2203,5,0,75,4.31748811353631
2203,6,0,59,4.07753744390572
2203,7,0,24,3.1780538303479458
2203,8,0,50,3.912023005428146
2203,9,2,103,4.634728988229636
2203,10,1,318,5.762051382780177
2203,11,1,611,6.415096959171596
2203,12,8,986,6.893656354602635
2203,13,3,1221,7.107425474110705
2203,14,4,1088,6.992096427415888
2203,15,3,1026,6.933423025730715
2203,16,0,939,6.844815479208263
2203,17,7,747,6.616065185132817
2203,18,1,738,6.6039438246004725
2203,19,4,592,6.3835066348840055
2203,20,1,513,6.240275845170769
2203,21,0,526,6.26530121273771
2203,22,0,1059,6.9650803456014065
2203,23,4,1035,6.942156705699469
2204,0,3,913,6.816735880594968
2204,1,1,713,6.569481420414296
2204,2,3,698,6.548219102762372
2204,3,4,514,6.2422232654551655
2204,4,1,252,5.529429087511423
2204,5,0,75,4.31748811353631
2204,6,1,59,4.07753744390572
2204,7,0,24,3.1780538303479458
2204,8,1,50,3.912023005428146
2204,9,1,103,4.634728988229636
2204,10,1,318,5.762051382780177
2204,11,6,611,6.415096959171596
2204,12,9,986,6.893656354602635
2204,13,9,1221,7.107425474110705
2204,14,15,1088,6.992096427415888
2204,15,9,1026,6.933423025730715
2204,16,12,939,6.844815479208263
2204,17,7,747,6.616065185132817
2204,18,7,738,6.6039438246004725
2204,19,5,592,6.3835066348840055
2204,20,5,513,6.240275845170769
2204,21,7,526,6.26530121273771
2204,22,3,1059,6.9650803456014065
2204,23,6,1035,6.942156705699469
2205,0,5,913,6.816735880594968
2205,1,10,713,6.569481420414296
2205,2,3,698,6.548219102762372
2205,3,2,514,6.2422232654551655
2205,4,3,252,5.529429087511423
2205,5,0,75,4.31748811353631
2205,6,0,59,4.07753744390572
2205,7,0,24,3.1780538303479458
2205,8,1,50,3.912023005428146
2205,9,6,103,4.634728988229636
2205,10,5,318,5.762051382780177
2205,11,5,611,6.415096959171596
2205,12,10,986,6.893656354602635
2205,13,14,1221,7.107425474110705
2205,14,17,1088,6.992096427415888
2205,15,7,1026,6.933423025730715
2205,16,8,939,6.844815479208263
2205,17,8,747,6.616065185132817
2205,18,31,738,6.6039438246004725
2205,19,18,592,6.3835066348840055
2205,20,6,513,6.240275845170769
2205,21,4,526,6.26530121273771
2205,22,7,1059,6.9650803456014065
2205,23,11,1035,6.942156705699469
2206,0,8,913,6.816735880594968
2206,1,7,713,6.569481420414296
2206,2,4,698,6.548219102762372
2206,3,1,514,6.2422232654551655
2206,4,1,252,5.529429087511423
2206,5,1,75,4.31748811353631
2206,6,0,59,4.07753744390572
2206,7,0,24,3.1780538303479458
2206,8,3,50,3.912023005428146
2206,9,4,103,4.634728988229636
2206,10,9,318,5.762051382780177
2206,11,6,611,6.415096959171596
2206,12,18,986,6.893656354602635
2206,13,25,1221,7.107425474110705
2206,14,16,1088,6.992096427415888
2206,15,23,1026,6.933423025730715
2206,16,13,939,6.844815479208263
2206,17,24,747,6.616065185132817
2206,18,32,738,6.6039438246004725
2206,19,22,592,6.3835066348840055
2206,20,13,513,6.240275845170769
2206,21,8,526,6.26530121273771
2206,22,19,1059,6.9650803456014065
2206,23,14,1035,6.942156705699469
2207,0,7,913,6.816735880594968
2207,1,0,713,6.569481420414296
2207,2,10,698,6.548219102762372
2207,3,3,514,6.2422232654551655
2207,4,1,252,5.529429087511423
2207,5,1,75,4.31748811353631
2207,6,0,59,4.07753744390572
2207,7,0,24,3.1780538303479458
2207,8,0,50,3.912023005428146
2207,9,3,103,4.634728988229636
2207,10,1,318,5.762051382780177
2207,11,1,611,6.415096959171596
2207,12,3,986,6.893656354602635
2207,13,8,1221,7.107425474110705
2207,14,12,1088,6.992096427415888
2207,15,10,1026,6.933423025730715
2207,16,6,939,6.844815479208263
2207,17,6,747,6.616065185132817
2207,18,15,738,6.6039438246004725
2207,19,10,592,6.3835066348840055
2207,20,8,513,6.240275845170769
2207,21,5,526,6.26530121273771
2207,22,9,1059,6.9650803456014065
2207,23,4,1035,6.942156705699469
2208,0,13,913,6.816735880594968
2208,1,12,713,6.569481420414296
2208,2,12,698,6.548219102762372
2208,3,2,514,6.2422232654551655
2208,4,1,252,5.529429087511423
2208,5,2,75,4.31748811353631
2208,6,0,59,4.07753744390572
2208,7,1,24,3.1780538303479458
2208,8,0,50,3.912023005428146
2208,9,1,103,4.634728988229636
2208,10,3,318,5.762051382780177
2208,11,5,611,6.415096959171596
2208,12,5,986,6.893656354602635
2208,13,15,1221,7.107425474110705
2208,14,2,1088,6.992096427415888
2208,15,13,1026,6.933423025730715
2208,16,11,939,6.844815479208263
2208,17,10,747,6.616065185132817
2208,18,27,738,6.6039438246004725
2208,19,18,592,6.3835066348840055
2208,20,9,513,6.240275845170769
2208,21,7,526,6.26530121273771
2208,22,9,1059,6.9650803456014065
2208,23,9,1035,6.942156705699469
2209,0,1,913,6.816735880594968
2209,1,2,713,6.569481420414296
2209,2,1,698,6.548219102762372
2209,3,0,514,6.2422232654551655
2209,4,1,252,5.529429087511423
2209,5,0,75,4.31748811353631
2209,6,0,59,4.07753744390572
2209,7,0,24,3.1780538303479458
2209,8,0,50,3.912023005428146
2209,9,2,103,4.634728988229636
2209,10,1,318,5.762051382780177
2209,11,3,611,6.415096959171596
2209,12,6,986,6.893656354602635
2209,13,9,1221,7.107425474110705
2209,14,5,1088,6.992096427415888
2209,15,1,1026,6.933423025730715
2209,16,4,939,6.844815479208263
2209,17,0,747,6.616065185132817
2209,18,2,738,6.6039438246004725
2209,19,5,592,6.3835066348840055
2209,20,2,513,6.240275845170769
2209,21,0,526,6.26530121273771
2209,22,1,1059,6.9650803456014065
2209,23,6,1035,6.942156705699469
2210,0,18,913,6.816735880594968
2210,1,4,713,6.569481420414296
2210,2,3,698,6.548219102762372
2210,3,4,514,6.2422232654551655
2210,4,0,252,5.529429087511423
2210,5,0,75,4.31748811353631
2210,6,0,59,4.07753744390572
2210,7,0,24,3.1780538303479458
2210,8,2,50,3.912023005428146
2210,9,10,103,4.634728988229636
2210,10,8,318,5.762051382780177
2210,11,6,611,6.415096959171596
2210,12,15,986,6.893656354602635
2210,13,24,1221,7.107425474110705
2210,14,13,1088,6.992096427415888
2210,15,14,1026,6.933423025730715
2210,16,12,939,6.844815479208263
2210,17,14,747,6.616065185132817
2210,18,16,738,6.6039438246004725
2210,19,15,592,6.3835066348840055
2210,20,11,513,6.240275845170769
2210,21,10,526,6.26530121273771
2210,22,16,1059,6.9650803456014065
2210,23,15,1035,6.942156705699469
2211,0,5,913,6.816735880594968
2211,1,3,713,6.569481420414296
2211,2,2,698,6.548219102762372
2211,3,4,514,6.2422232654551655
2211,4,1,252,5.529429087511423
2211,5,0,75,4.31748811353631
2211,6,0,59,4.07753744390572
2211,7,0,24,3.1780538303479458
2211,8,3,50,3.912023005428146
2211,9,1,103,4.634728988229636
2211,10,3,318,5.762051382780177
2211,11,5,611,6.415096959171596
2211,12,9,986,6.893656354602635
2211,13,10,1221,7.107425474110705
2211,14,6,1088,6.992096427415888
2211,15,6,1026,6.933423025730715
2211,16,7,939,6.844815479208263
2211,17,5,747,6.616065185132817
2211,18,10,738,6.6039438246004725
2211,19,7,592,6.3835066348840055
2211,20,5,513,6.240275845170769
2211,21,2,526,6.26530121273771
2211,22,7,1059,6.9650803456014065
2211,23,8,1035,6.942156705699469
2212,0,8,913,6.816735880594968
2212,1,5,713,6.569481420414296
2212,2,7,698,6.548219102762372
2212,3,5,514,6.2422232654551655
2212,4,1,252,5.529429087511423
2212,5,0,75,4.31748811353631
2212,6,2,59,4.07753744390572
2212,7,0,24,3.1780538303479458
2212,8,0,50,3.912023005428146
2212,9,7,103,4.634728988229636
2212,10,2,318,5.762051382780177
2212,11,9,611,6.415096959171596
2212,12,12,986,6.893656354602635
2212,13,21,1221,7.107425474110705
2212,14,14,1088,6.992096427415888
2212,15,17,1026,6.933423025730715
2212,16,14,939,6.844815479208263
2212,17,20,747,6.616065185132817
2212,18,28,738,6.6039438246004725
2212,19,11,592,6.3835066348840055
2212,20,5,513,6.240275845170769
2212,21,1,526,6.26530121273771
2212,22,12,1059,6.9650803456014065
2212,23,6,1035,6.942156705699469
2213,0,6,913,6.816735880594968
2213,1,2,713,6.569481420414296
2213,2,2,698,6.548219102762372
2213,3,1,514,6.2422232654551655
2213,4,0,252,5.529429087511423
2213,5,2,75,4.31748811353631
2213,6,1,59,4.07753744390572
2213,7,0,24,3.1780538303479458
2213,8,1,50,3.912023005428146
2213,9,0,103,4.634728988229636
2213,10,0,318,5.762051382780177
2213,11,1,611,6.415096959171596
2213,12,5,986,6.893656354602635
2213,13,3,1221,7.107425474110705
2213,14,3,1088,6.992096427415888
2213,15,4,1026,6.933423025730715
2213,16,4,939,6.844815479208263
2213,17,6,747,6.616065185132817
2213,18,9,738,6.6039438246004725
2213,19,6,592,6.3835066348840055
2213,20,1,513,6.240275845170769
2213,21,0,526,6.26530121273771
2213,22,1,1059,6.9650803456014065
2213,23,2,1035,6.942156705699469
2214,0,4,913,6.816735880594968
2214,1,0,713,6.569481420414296
2214,2,1,698,6.548219102762372
2214,3,0,514,6.2422232654551655
2214,4,2,252,5.529429087511423
2214,5,1,75,4.31748811353631
2214,6,2,59,4.07753744390572
2214,7,0,24,3.1780538303479458
2214,8,0,50,3.912023005428146
2214,9,0,103,4.634728988229636
2214,10,2,318,5.762051382780177
2214,11,4,611,6.415096959171596
2214,12,3,986,6.893656354602635
2214,13,6,1221,7.107425474110705
2214,14,3,1088,6.992096427415888
2214,15,11,1026,6.933423025730715
2214,16,6,939,6.844815479208263
2214,17,6,747,6.616065185132817
2214,18,5,738,6.6039438246004725
2214,19,8,592,6.3835066348840055
2214,20,2,513,6.240275845170769
2214,21,1,526,6.26530121273771
2214,22,0,1059,6.9650803456014065
2214,23,4,1035,6.942156705699469
2215,0,5,913,6.816735880594968
2215,1,1,713,6.569481420414296
2215,2,1,698,6.548219102762372
2215,3,0,514,6.2422232654551655
2215,4,0,252,5.529429087511423
2215,5,0,75,4.31748811353631
2215,6,0,59,4.07753744390572
2215,7,0,24,3.1780538303479458
2215,8,0,50,3.912023005428146
2215,9,1,103,4.634728988229636
2215,10,1,318,5.762051382780177
2215,11,3,611,6.415096959171596
2215,12,3,986,6.893656354602635
2215,13,5,1221,7.107425474110705
2215,14,4,1088,6.992096427415888
2215,15,4,1026,6.933423025730715
2215,16,7,939,6.844815479208263
2215,17,6,747,6.616065185132817
2215,18,11,738,6.6039438246004725
2215,19,4,592,6.3835066348840055
2215,20,1,513,6.240275845170769
2215,21,3,526,6.26530121273771
2215,22,2,1059,6.9650803456014065
2215,23,0,1035,6.942156705699469
2216,0,13,913,6.816735880594968
2216,1,9,713,6.569481420414296
2216,2,11,698,6.548219102762372
2216,3,9,514,6.2422232654551655
2216,4,2,252,5.529429087511423
2216,5,0,75,4.31748811353631
2216,6,1,59,4.07753744390572
2216,7,0,24,3.1780538303479458
2216,8,4,50,3.912023005428146
2216,9,2,103,4.634728988229636
2216,10,1,318,5.762051382780177
2216,11,15,611,6.415096959171596
2216,12,14,986,6.893656354602635
2216,13,21,1221,7.107425474110705
2216,14,13,1088,6.992096427415888
2216,15,8,1026,6.933423025730715
2216,16,17,939,6.844815479208263
2216,17,14,747,6.616065185132817
2216,18,25,738,6.6039438246004725
2216,19,15,592,6.3835066348840055
2216,20,12,513,6.240275845170769
2216,21,6,526,6.26530121273771
2216,22,8,1059,6.9650803456014065
2216,23,11,1035,6.942156705699469
2218,0,4,913,6.816735880594968
2218,1,2,713,6.569481420414296
2218,2,0,698,6.548219102762372
2218,3,1,514,6.2422232654551655
2218,4,1,252,5.529429087511423
2218,5,0,75,4.31748811353631
2218,6,2,59,4.07753744390572
2218,7,0,24,3.1780538303479458
2218,8,3,50,3.912023005428146
2218,9,10,103,4.634728988229636
2218,10,16,318,5.762051382780177
2218,11,29,611,6.415096959171596
2218,12,44,986,6.893656354602635
2218,13,49,1221,7.107425474110705
2218,14,48,1088,6.992096427415888
2218,15,59,1026,6.933423025730715
2218,16,60,939,6.844815479208263
2218,17,33,747,6.616065185132817
2218,18,66,738,6.6039438246004725
2218,19,31,592,6.3835066348840055
2218,20,13,513,6.240275845170769
2218,21,7,526,6.26530121273771
2218,22,8,1059,6.9650803456014065
2218,23,8,1035,6.942156705699469
2219,0,8,913,6.816735880594968
2219,1,4,713,6.569481420414296
2219,2,0,698,6.548219102762372
2219,3,0,514,6.2422232654551655
2219,4,0,252,5.529429087511423
2219,5,0,75,4.31748811353631
2219,6,0,59,4.07753744390572
2219,7,1,24,3.1780538303479458
2219,8,1,50,3.912023005428146
2219,9,3,103,4.634728988229636
2219,10,10,318,5.762051382780177
2219,11,9,611,6.415096959171596
2219,12,16,986,6.893656354602635
2219,13,23,1221,7.107425474110705
2219,14,27,1088,6.992096427415888
2219,15,14,1026,6.933423025730715
2219,16,10,939,6.844815479208263
2219,17,28,747,6.616065185132817
2219,18,31,738,6.6039438246004725
2219,19,14,592,6.3835066348840055
2219,20,5,513,6.240275845170769
2219,21,11,526,6.26530121273771
2219,22,11,1059,6.9650803456014065
2219,23,6,1035,6.942156705699469
2220,0,12,913,6.816735880594968
2220,1,5,713,6.569481420414296
2220,2,1,698,6.548219102762372
2220,3,1,514,6.2422232654551655
2220,4,0,252,5.529429087511423
2220,5,0,75,4.31748811353631
2220,6,0,59,4.07753744390572
2220,7,0,24,3.1780538303479458
2220,8,2,50,3.912023005428146
2220,9,1,103,4.634728988229636
2220,10,3,318,5.762051382780177
2220,11,8,611,6.415096959171596
2220,12,12,986,6.893656354602635
2220,13,20,1221,7.107425474110705
2220,14,14,1088,6.992096427415888
2220,15,30,1026,6.933423025730715
2220,16,14,939,6.844815479208263
2220,17,23,747,6.616065185132817
2220,18,16,738,6.6039438246004725
2220,19,13,592,6.3835066348840055
2220,20,8,513,6.240275845170769
2220,21,3,526,6.26530121273771
2220,22,17,1059,6.9650803456014065
2220,23,12,1035,6.942156705699469
2221,0,5,913,6.816735880594968
2221,1,1,713,6.569481420414296
2221,2,6,698,6.548219102762372
2221,3,0,514,6.2422232654551655
2221,4,1,252,5.529429087511423
2221,5,0,75,4.31748811353631
2221,6,1,59,4.07753744390572
2221,7,0,24,3.1780538303479458
2221,8,7,50,3.912023005428146
2221,9,7,103,4.634728988229636
2221,10,9,318,5.762051382780177
2221,11,21,611,6.415096959171596
2221,12,43,986,6.893656354602635
2221,13,44,1221,7.107425474110705
2221,14,28,1088,6.992096427415888
2221,15,31,1026,6.933423025730715
2221,16,41,939,6.844815479208263
2221,17,37,747,6.616065185132817
2221,18,66,738,6.6039438246004725
2221,19,39,592,6.3835066348840055
2221,20,26,513,6.240275845170769
2221,21,8,526,6.26530121273771
2221,22,7,1059,6.9650803456014065
2221,23,8,1035,6.942156705699469
2222,0,8,913,6.816735880594968
2222,1,13,713,6.569481420414296
2222,2,5,698,6.548219102762372
2222,3,1,514,6.2422232654551655
2222,4,1,252,5.529429087511423
2222,5,0,75,4.31748811353631
2222,6,0,59,4.07753744390572
2222,7,0,24,3.1780538303479458
2222,8,1,50,3.912023005428146
2222,9,1,103,4.634728988229636
2222,10,0,318,5.762051382780177
2222,11,5,611,6.415096959171596
2222,12,2,986,6.893656354602635
2222,13,5,1221,7.107425474110705
2222,14,10,1088,6.992096427415888
2222,15,6,1026,6.933423025730715
2222,16,4,939,6.844815479208263
2222,17,8,747,6.616065185132817
2222,18,5,738,6.6039438246004725
2222,19,7,592,6.3835066348840055
2222,20,7,513,6.240275845170769
2222,21,3,526,6.26530121273771
2222,22,12,1059,6.9650803456014065
2222,23,2,1035,6.942156705699469
2223,0,7,913,6.816735880594968
2223,1,4,713,6.569481420414296
2223,2,4,698,6.548219102762372
2223,3,2,514,6.2422232654551655
2223,4,2,252,5.529429087511423
2223,5,1,75,4.31748811353631
2223,6,1,59,4.07753744390572
2223,7,1,24,3.1780538303479458
2223,8,1,50,3.912023005428146
2223,9,3,103,4.634728988229636
2223,10,1,318,5.762051382780177
2223,11,9,611,6.415096959171596
2223,12,15,986,6.893656354602635
2223,13,25,1221,7.107425474110705
2223,14,13,1088,6.992096427415888
2223,15,10,1026,6.933423025730715
2223,16,5,939,6.844815479208263
2223,17,3,747,6.616065185132817
2223,18,8,738,6.6039438246004725
2223,19,6,592,6.3835066348840055
2223,20,5,513,6.240275845170769
2223,21,10,526,6.26530121273771
2223,22,16,1059,6.9650803456014065
2223,23,5,1035,6.942156705699469
2224,0,11,913,6.816735880594968
2224,1,1,713,6.569481420414296
2224,2,2,698,6.548219102762372
2224,3,1,514,6.2422232654551655
2224,4,0,252,5.529429087511423
2224,5,0,75,4.31748811353631
2224,6,0,59,4.07753744390572
2224,7,0,24,3.1780538303479458
2224,8,1,50,3.912023005428146
2224,9,2,103,4.634728988229636
2224,10,0,318,5.762051382780177
2224,11,3,611,6.415096959171596
2224,12,4,986,6.893656354602635
2224,13,7,1221,7.107425474110705
2224,14,6,1088,6.992096427415888
2224,15,6,1026,6.933423025730715
2224,16,10,939,6.844815479208263
2224,17,10,747,6.616065185132817
2224,18,8,738,6.6039438246004725
2224,19,17,592,6.3835066348840055
2224,20,14,513,6.240275845170769
2224,21,4,526,6.26530121273771
2224,22,4,1059,6.9650803456014065
2224,23,8,1035,6.942156705699469
2225,0,7,913,6.816735880594968
2225,1,1,713,6.569481420414296
2225,2,5,698,6.548219102762372
2225,3,2,514,6.2422232654551655
2225,4,0,252,5.529429087511423
2225,5,2,75,4.31748811353631
2225,6,0,59,4.07753744390572
2225,7,0,24,3.1780538303479458
2225,8,0,50,3.912023005428146
2225,9,2,103,4.634728988229636
2225,10,0,318,5.762051382780177
2225,11,2,611,6.415096959171596
2225,12,6,986,6.893656354602635
2225,13,12,1221,7.107425474110705
2225,14,9,1088,6.992096427415888
2225,15,3,1026,6.933423025730715
2225,16,11,939,6.844815479208263
2225,17,5,747,6.616065185132817
2225,18,4,738,6.6039438246004725
2225,19,5,592,6.3835066348840055
2225,20,4,513,6.240275845170769
2225,21,0,526,6.26530121273771
2225,22,9,1059,6.9650803456014065
2225,23,4,1035,6.942156705699469
2226,0,0,913,6.816735880594968
2226,1,5,713,6.569481420414296
2226,2,0,698,6.548219102762372
2226,3,2,514,6.2422232654551655
2226,4,1,252,5.529429087511423
2226,5,0,75,4.31748811353631
2226,6,0,59,4.07753744390572
2226,7,0,24,3.1780538303479458
2226,8,0,50,3.912023005428146
2226,9,1,103,4.634728988229636
2226,10,3,318,5.762051382780177
2226,11,1,611,6.415096959171596
2226,12,5,986,6.893656354602635
2226,13,8,1221,7.107425474110705
2226,14,7,1088,6.992096427415888
2226,15,2,1026,6.933423025730715
2226,16,5,939,6.844815479208263
2226,17,9,747,6.616065185132817
2226,18,3,738,6.6039438246004725
2226,19,2,592,6.3835066348840055
2226,20,7,513,6.240275845170769
2226,21,6,526,6.26530121273771
2226,22,11,1059,6.9650803456014065
2226,23,8,1035,6.942156705699469
2227,0,9,913,6.816735880594968
2227,1,5,713,6.569481420414296
2227,2,3,698,6.548219102762372
2227,3,4,514,6.2422232654551655
2227,4,1,252,5.529429087511423
2227,5,3,75,4.31748811353631
2227,6,5,59,4.07753744390572
2227,7,0,24,3.1780538303479458
2227,8,1,50,3.912023005428146
2227,9,6,103,4.634728988229636
2227,10,6,318,5.762051382780177
2227,11,13,611,6.415096959171596
2227,12,17,986,6.893656354602635
2227,13,18,1221,7.107425474110705
2227,14,10,1088,6.992096427415888
2227,15,22,1026,6.933423025730715
2227,16,13,939,6.844815479208263
2227,17,10,747,6.616065185132817
2227,18,18,738,6.6039438246004725
2227,19,8,592,6.3835066348840055
2227,20,12,513,6.240275845170769
2227,21,3,526,6.26530121273771
2227,22,14,1059,6.9650803456014065
2227,23,11,1035,6.942156705699469
2228,0,1,913,6.816735880594968
2228,1,5,713,6.569481420414296
2228,2,1,698,6.548219102762372
2228,3,3,514,6.2422232654551655
2228,4,1,252,5.529429087511423
2228,5,0,75,4.31748811353631
2228,6,0,59,4.07753744390572
2228,7,0,24,3.1780538303479458
2228,8,0,50,3.912023005428146
2228,9,0,103,4.634728988229636
2228,10,0,318,5.762051382780177
2228,11,2,611,6.415096959171596
2228,12,2,986,6.893656354602635
2228,13,4,1221,7.107425474110705
2228,14,3,1088,6.992096427415888
2228,15,6,1026,6.933423025730715
2228,16,1,939,6.844815479208263
2228,17,1,747,6.616065185132817
2228,18,3,738,6.6039438246004725
2228,19,5,592,6.3835066348840055
2228,20,6,513,6.240275845170769
2228,21,4,526,6.26530121273771
2228,22,15,1059,6.9650803456014065
2228,23,3,1035,6.942156705699469
2229,0,6,854,6.74993119378857
2229,1,3,655,6.484635235635252
2229,2,5,668,6.504288173536645
2229,3,3,514,6.2422232654551655
2229,4,2,252,5.529429087511423
2229,5,0,75,4.31748811353631
2229,6,0,59,4.07753744390572
2229,7,0,24,3.1780538303479458
2229,9,0,25,3.2188758248682006
2229,10,0,201,5.303304908059076
2229,11,1,494,6.202535517187923
2229,12,12,863,6.760414691083428
2229,13,6,1045,6.951772164398911
2229,14,6,896,6.79794041297493
2229,15,9,839,6.732210706467206
2229,16,8,826,6.716594773520978
2229,17,10,733,6.597145701886651
2229,18,9,681,6.523562306149512
2229,19,19,534,6.280395838960195
2229,20,4,454,6.118097198041348
2229,21,4,467,6.1463292576688975
2229,22,7,953,6.859614903654202
2229,23,2,972,6.879355804460439
2230,0,1,884,6.784457062637643
2230,1,1,713,6.569481420414296
2230,2,3,698,6.548219102762372
2230,3,5,514,6.2422232654551655
2230,4,3,252,5.529429087511423
2230,5,1,75,4.31748811353631
2230,6,1,59,4.07753744390572
2230,7,0,24,3.1780538303479458
2230,8,1,50,3.912023005428146
2230,9,2,103,4.634728988229636
2230,10,3,318,5.762051382780177
2230,11,2,611,6.415096959171596
2230,12,12,986,6.893656354602635
2230,13,9,1221,7.107425474110705
2230,14,16,1088,6.992096427415888
2230,15,3,1026,6.933423025730715
2230,16,12,939,6.844815479208263
2230,17,17,747,6.616065185132817
2230,18,23,738,6.6039438246004725
2230,19,11,592,6.3835066348840055
2230,20,5,513,6.240275845170769
2230,21,2,526,6.26530121273771
2230,22,3,1059,6.9650803456014065
2230,23,4,1005,6.912742820493176
2231,0,21,913,6.816735880594968
2231,1,22,713,6.569481420414296
2231,2,19,698,6.548219102762372
2231,3,22,514,6.2422232654551655
2231,4,5,252,5.529429087511423
2231,5,3,75,4.31748811353631
2231,6,2,59,4.07753744390572
2231,7,1,24,3.1780538303479458
2231,8,1,50,3.912023005428146
2231,9,1,103,4.634728988229636
2231,10,5,318,5.762051382780177
2231,11,6,611,6.415096959171596
2231,12,22,986,6.893656354602635
2231,13,30,1221,7.107425474110705
2231,14,35,1088,6.992096427415888
2231,15,20,1026,6.933423025730715
2231,16,35,939,6.844815479208263
2231,17,13,747,6.616065185132817
2231,18,19,738,6.6039438246004725
2231,19,13,592,6.3835066348840055
2231,20,19,513,6.240275845170769
2231,21,19,526,6.26530121273771
2231,22,29,1059,6.9650803456014065
2231,23,18,1035,6.942156705699469
2232,0,3,913,6.816735880594968
2232,1,6,713,6.569481420414296
2232,2,5,698,6.548219102762372
2232,3,3,514,6.2422232654551655
2232,4,1,252,5.529429087511423
2232,5,0,75,4.31748811353631
2232,6,1,59,4.07753744390572
2232,7,0,24,3.1780538303479458
2232,8,2,50,3.912023005428146
2232,9,2,103,4.634728988229636
2232,10,4,318,5.762051382780177
2232,11,4,611,6.415096959171596
2232,12,5,986,6.893656354602635
2232,13,10,1221,7.107425474110705
2232,14,11,1088,6.992096427415888
2232,15,11,1026,6.933423025730715
2232,16,8,939,6.844815479208263
2232,17,6,747,6.616065185132817
2232,18,10,738,6.6039438246004725
2232,19,10,592,6.3835066348840055
2232,20,11,513,6.240275845170769
2232,21,6,526,6.26530121273771
2232,22,10,1059,6.9650803456014065
2232,23,5,1035,6.942156705699469
2233,0,1,913,6.816735880594968
2233,1,2,713,6.569481420414296
2233,2,0,698,6.548219102762372
2233,3,1,514,6.2422232654551655
2233,4,0,252,5.529429087511423
2233,5,0,75,4.31748811353631
2233,6,0,59,4.07753744390572
2233,7,0,24,3.1780538303479458
2233,8,0,50,3.912023005428146
2233,9,1,103,4.634728988229636
2233,10,3,318,5.762051382780177
2233,11,9,611,6.415096959171596
2233,12,13,986,6.893656354602635
2233,13,19,1221,7.107425474110705
2233,14,32,1088,6.992096427415888
2233,15,22,1026,6.933423025730715
2233,16,32,939,6.844815479208263
2233,17,26,747,6.616065185132817
2233,18,20,738,6.6039438246004725
2233,19,9,592,6.3835066348840055
2233,20,2,513,6.240275845170769
2233,21,2,526,6.26530121273771
2233,22,1,1059,6.9650803456014065
2233,23,2,1035,6.942156705699469
2234,0,5,913,6.816735880594968
2234,1,8,713,6.569481420414296
2234,2,2,698,6.548219102762372
2234,3,0,514,6.2422232654551655
2234,4,0,252,5.529429087511423
2234,5,0,75,4.31748811353631
2234,6,0,59,4.07753744390572
2234,7,0,24,3.1780538303479458
2234,8,1,50,3.912023005428146
2234,9,2,103,4.634728988229636
2234,10,8,318,5.762051382780177
2234,11,12,611,6.415096959171596
2234,12,28,986,6.893656354602635
2234,13,29,1221,7.107425474110705
2234,14,19,1088,6.992096427415888
2234,15,33,1026,6.933423025730715
2234,16,42,939,6.844815479208263
2234,17,24,747,6.616065185132817
2234,18,27,738,6.6039438246004725
2234,19,36,592,6.3835066348840055
2234,20,12,513,6.240275845170769
2234,21,10,526,6.26530121273771
2234,22,15,1059,6.9650803456014065
2234,23,9,1035,6.942156705699469
2235,0,7,913,6.816735880594968
2235,1,5,713,6.569481420414296
2235,2,9,698,6.548219102762372
2235,3,1,514,6.2422232654551655
2235,4,4,252,5.529429087511423
2235,5,2,75,4.31748811353631
2235,6,0,59,4.07753744390572
2235,7,0,24,3.1780538303479458
2235,8,0,50,3.912023005428146
2235,9,1,103,4.634728988229636
2235,10,2,318,5.762051382780177
2235,11,2,611,6.415096959171596
2235,12,10,986,6.893656354602635
2235,13,15,1221,7.107425474110705
2235,14,5,1088,6.992096427415888
2235,15,8,1026,6.933423025730715
2235,16,4,939,6.844815479208263
2235,17,4,747,6.616065185132817
2235,18,12,738,6.6039438246004725
2235,19,10,592,6.3835066348840055
2235,20,11,513,6.240275845170769
2235,21,3,526,6.26530121273771
2235,22,5,1059,6.9650803456014065
2235,23,6,1035,6.942156705699469
2236,0,12,913,6.816735880594968
2236,1,5,713,6.569481420414296
2236,2,3,698,6.548219102762372
2236,3,1,514,6.2422232654551655
2236,4,1,252,5.529429087511423
2236,5,0,75,4.31748811353631
2236,6,0,59,4.07753744390572
2236,7,0,24,3.1780538303479458
2236,8,0,50,3.912023005428146
2236,9,2,103,4.634728988229636
2236,10,6,318,5.762051382780177
2236,11,12,611,6.415096959171596
2236,12,31,986,6.893656354602635
2236,13,26,1221,7.107425474110705
2236,14,21,1088,6.992096427415888
2236,15,13,1026,6.933423025730715
2236,16,13,939,6.844815479208263
2236,17,16,747,6.616065185132817
2236,18,10,738,6.6039438246004725
2236,19,23,592,6.3835066348840055
2236,20,13,513,6.240275845170769
2236,21,13,526,6.26530121273771
2236,22,11,1059,6.9650803456014065
2236,23,5,1035,6.942156705699469
2237,0,1,913,6.816735880594968
2237,1,0,713,6.569481420414296
2237,2,0,698,6.548219102762372
2237,3,0,514,6.2422232654551655
2237,4,0,252,5.529429087511423
2237,5,0,75,4.31748811353631
2237,6,0,59,4.07753744390572
2237,7,0,24,3.1780538303479458
2237,8,0,50,3.912023005428146
2237,9,6,103,4.634728988229636
2237,10,7,318,5.762051382780177
2237,11,10,611,6.415096959171596
2237,12,16,986,6.893656354602635
2237,13,36,1221,7.107425474110705
2237,14,18,1088,6.992096427415888
2237,15,23,1026,6.933423025730715
2237,16,23,939,6.844815479208263
2237,17,38,747,6.616065185132817
2237,18,30,738,6.6039438246004725
2237,19,15,592,6.3835066348840055
2237,20,7,513,6.240275845170769
2237,21,11,526,6.26530121273771
2237,22,9,1059,6.9650803456014065
2237,23,4,1035,6.942156705699469
2238,0,9,913,6.816735880594968
2238,1,8,713,6.569481420414296
2238,2,4,698,6.548219102762372
2238,3,7,514,6.2422232654551655
2238,4,0,252,5.529429087511423
2238,5,0,75,4.31748811353631
2238,6,0,59,4.07753744390572
2238,7,0,24,3.1780538303479458
2238,8,0,50,3.912023005428146
2238,9,0,103,4.634728988229636
2238,10,1,318,5.762051382780177
2238,11,5,611,6.415096959171596
2238,12,11,986,6.893656354602635
2238,13,19,1221,7.107425474110705
2238,14,15,1088,6.992096427415888
2238,15,26,1026,6.933423025730715
2238,16,17,939,6.844815479208263
2238,17,13,747,6.616065185132817
2238,18,16,738,6.6039438246004725
2238,19,9,592,6.3835066348840055
2238,20,13,513,6.240275845170769
2238,21,10,526,6.26530121273771
2238,22,9,1059,6.9650803456014065
2238,23,7,1035,6.942156705699469
2239,0,23,913,6.816735880594968
2239,1,18,713,6.569481420414296
2239,2,18,698,6.548219102762372
2239,3,14,514,6.2422232654551655
2239,4,7,252,5.529429087511423
2239,5,0,75,4.31748811353631
2239,6,0,59,4.07753744390572
2239,7,0,24,3.1780538303479458
2239,8,1,50,3.912023005428146
2239,9,0,103,4.634728988229636
2239,10,4,318,5.762051382780177
2239,11,4,611,6.415096959171596
2239,12,15,986,6.893656354602635
2239,13,10,1221,7.107425474110705
2239,14,14,1088,6.992096427415888
2239,15,17,1026,6.933423025730715
2239,16,18,939,6.844815479208263
2239,17,12,747,6.616065185132817
2239,18,17,738,6.6039438246004725
2239,19,14,592,6.3835066348840055
2239,20,12,513,6.240275845170769
2239,21,12,526,6.26530121273771
2239,22,20,1059,6.9650803456014065
2239,23,19,1035,6.942156705699469
2240,0,4,913,6.816735880594968
2240,1,1,713,6.569481420414296
2240,2,1,698,6.548219102762372
2240,3,0,514,6.2422232654551655
2240,4,0,252,5.529429087511423
2240,5,0,75,4.31748811353631
2240,6,0,59,4.07753744390572
2240,7,0,24,3.1780538303479458
2240,8,0,50,3.912023005428146
2240,9,1,103,4.634728988229636
2240,10,0,318,5.762051382780177
2240,11,6,611,6.415096959171596
2240,12,5,986,6.893656354602635
2240,13,9,1221,7.107425474110705
2240,14,2,1088,6.992096427415888
2240,15,5,1026,6.933423025730715
2240,16,8,939,6.844815479208263
2240,17,6,747,6.616065185132817
2240,18,6,738,6.6039438246004725
2240,19,3,592,6.3835066348840055
2240,20,0,513,6.240275845170769
2240,21,0,526,6.26530121273771
2240,22,1,1059,6.9650803456014065
2240,23,4,1035,6.942156705699469
2241,0,9,913,6.816735880594968
2241,1,3,713,6.569481420414296
2241,2,4,698,6.548219102762372
2241,3,4,514,6.2422232654551655
2241,4,3,252,5.529429087511423
2241,5,0,75,4.31748811353631
2241,6,0,59,4.07753744390572
2241,7,0,24,3.1780538303479458
2241,8,0,50,3.912023005428146
2241,9,0,103,4.634728988229636
2241,10,0,318,5.762051382780177
2241,11,6,611,6.415096959171596
2241,12,6,986,6.893656354602635
2241,13,1,1221,7.107425474110705
2241,14,5,1088,6.992096427415888
2241,15,4,1026,6.933423025730715
2241,16,13,939,6.844815479208263
2241,17,8,747,6.616065185132817
2241,18,6,738,6.6039438246004725
2241,19,2,592,6.3835066348840055
2241,20,1,513,6.240275845170769
2241,21,1,526,6.26530121273771
2241,22,6,1059,6.9650803456014065
2241,23,7,1035,6.942156705699469
2242,0,9,913,6.816735880594968
2242,1,3,713,6.569481420414296
2242,2,0,698,6.548219102762372
2242,3,1,514,6.2422232654551655
2242,4,1,252,5.529429087511423
2242,5,2,75,4.31748811353631
2242,6,1,59,4.07753744390572
2242,7,0,24,3.1780538303479458
2242,8,0,50,3.912023005428146
2242,9,4,103,4.634728988229636
2242,10,2,318,5.762051382780177
2242,11,6,611,6.415096959171596
2242,12,8,986,6.893656354602635
2242,13,12,1221,7.107425474110705
2242,14,5,1088,6.992096427415888
2242,15,5,1026,6.933423025730715
2242,16,9,939,6.844815479208263
2242,17,12,747,6.616065185132817
2242,18,10,738,6.6039438246004725
2242,19,8,592,6.3835066348840055
2242,20,3,513,6.240275845170769
2242,21,6,526,6.26530121273771
2242,22,7,1059,6.9650803456014065
2242,23,4,1035,6.942156705699469
2243,0,4,913,6.816735880594968
2243,1,3,713,6.569481420414296
2243,2,1,698,6.548219102762372
2243,3,0,514,6.2422232654551655
2243,4,0,252,5.529429087511423
2243,5,0,75,4.31748811353631
2243,6,0,59,4.07753744390572
2243,7,0,24,3.1780538303479458
2243,8,0,50,3.912023005428146
2243,9,1,103,4.634728988229636
2243,10,2,318,5.762051382780177
2243,11,3,611,6.415096959171596
2243,12,6,986,6.893656354602635
2243,13,6,1221,7.107425474110705
2243,14,7,1088,6.992096427415888
2243,15,6,1026,6.933423025730715
2243,16,4,939,6.844815479208263
2243,17,4,747,6.616065185132817
2243,18,9,738,6.6039438246004725
2243,19,3,592,6.3835066348840055
2243,20,2,513,6.240275845170769
2243,21,5,526,6.26530121273771
2243,22,2,1059,6.9650803456014065
2243,23,8,1035,6.942156705699469
2244,0,3,913,6.816735880594968
2244,1,3,713,6.569481420414296
2244,2,1,698,6.548219102762372
2244,3,1,514,6.2422232654551655
2244,4,0,252,5.529429087511423
2244,5,0,75,4.31748811353631
2244,6,0,59,4.07753744390572
2244,7,1,24,3.1780538303479458
2244,8,0,50,3.912023005428146
2244,9,1,103,4.634728988229636
2244,10,1,318,5.762051382780177
2244,11,3,611,6.415096959171596
2244,12,12,986,6.893656354602635
2244,13,5,1221,7.107425474110705
2244,14,6,1088,6.992096427415888
2244,15,10,1026,6.933423025730715
2244,16,7,939,6.844815479208263
2244,17,6,747,6.616065185132817
2244,18,12,738,6.6039438246004725
2244,19,9,592,6.3835066348840055
2244,20,3,513,6.240275845170769
2244,21,6,526,6.26530121273771
2244,22,2,1059,6.9650803456014065
2244,23,7,1035,6.942156705699469
2245,0,6,913,6.816735880594968
2245,1,4,713,6.569481420414296
2245,2,5,698,6.548219102762372
2245,3,1,514,6.2422232654551655
2245,4,1,252,5.529429087511423
2245,5,0,75,4.31748811353631
2245,6,2,59,4.07753744390572
2245,7,0,24,3.1780538303479458
2245,8,0,50,3.912023005428146
2245,9,2,103,4.634728988229636
2245,10,3,318,5.762051382780177
2245,11,8,611,6.415096959171596
2245,12,14,986,6.893656354602635
2245,13,9,1221,7.107425474110705
2245,14,17,1088,6.992096427415888
2245,15,17,1026,6.933423025730715
2245,16,11,939,6.844815479208263
2245,17,10,747,6.616065185132817
2245,18,31,738,6.6039438246004725
2245,19,15,592,6.3835066348840055
2245,20,7,513,6.240275845170769
2245,21,8,526,6.26530121273771
2245,22,11,1059,6.9650803456014065
2245,23,6,1035,6.942156705699469
2246,0,4,913,6.816735880594968
2246,1,0,713,6.569481420414296
2246,2,2,698,6.548219102762372
2246,3,0,514,6.2422232654551655
2246,4,0,252,5.529429087511423
2246,5,0,75,4.31748811353631
2246,6,0,59,4.07753744390572
2246,7,0,24,3.1780538303479458
2246,8,1,50,3.912023005428146
2246,9,0,103,4.634728988229636
2246,10,6,318,5.762051382780177
2246,11,11,611,6.415096959171596
2246,12,13,986,6.893656354602635
2246,13,14,1221,7.107425474110705
2246,14,9,1088,6.992096427415888
2246,15,9,1026,6.933423025730715
2246,16,2,939,6.844815479208263
2246,17,6,747,6.616065185132817
2246,18,14,738,6.6039438246004725
2246,19,5,592,6.3835066348840055
2246,20,3,513,6.240275845170769
2246,21,3,526,6.26530121273771
2246,22,7,1059,6.9650803456014065
2246,23,6,1035,6.942156705699469
2247,0,4,913,6.816735880594968
2247,1,1,713,6.569481420414296
2247,2,1,698,6.548219102762372
2247,3,0,514,6.2422232654551655
2247,4,1,252,5.529429087511423
2247,5,0,75,4.31748811353631
2247,6,0,59,4.07753744390572
2247,7,0,24,3.1780538303479458
2247,8,0,50,3.912023005428146
2247,9,1,103,4.634728988229636
2247,10,1,318,5.762051382780177
2247,11,1,611,6.415096959171596
2247,12,7,986,6.893656354602635
2247,13,5,1221,7.107425474110705
2247,14,12,1088,6.992096427415888
2247,15,2,1026,6.933423025730715
2247,16,4,939,6.844815479208263
2247,17,3,747,6.616065185132817
2247,18,12,738,6.6039438246004725
2247,19,8,592,6.3835066348840055
2247,20,7,513,6.240275845170769
2247,21,4,526,6.26530121273771
2247,22,8,1059,6.9650803456014065
2247,23,3,1035,6.942156705699469
2249,0,1,913,6.816735880594968
2249,1,1,713,6.569481420414296
2249,2,5,698,6.548219102762372
2249,3,1,514,6.2422232654551655
2249,4,0,252,5.529429087511423
2249,5,0,75,4.31748811353631
2249,6,0,59,4.07753744390572
2249,7,0,24,3.1780538303479458
2249,8,0,50,3.912023005428146
2249,9,0,103,4.634728988229636
2249,10,0,318,5.762051382780177
2249,11,2,611,6.415096959171596
2249,12,3,986,6.893656354602635
2249,13,1,1221,7.107425474110705
2249,14,1,1088,6.992096427415888
2249,15,0,1026,6.933423025730715
2249,16,5,939,6.844815479208263
2249,17,0,747,6.616065185132817
2249,18,2,738,6.6039438246004725
2249,19,4,592,6.3835066348840055
2249,20,3,513,6.240275845170769
2249,21,0,526,6.26530121273771
2249,22,2,1059,6.9650803456014065
2249,23,4,1035,6.942156705699469
2250,0,0,913,6.816735880594968
2250,1,0,713,6.569481420414296
2250,2,1,698,6.548219102762372
2250,3,0,514,6.2422232654551655
2250,4,0,252,5.529429087511423
2250,5,0,75,4.31748811353631
2250,6,0,59,4.07753744390572
2250,7,0,24,3.1780538303479458
2250,8,1,50,3.912023005428146
2250,9,0,103,4.634728988229636
2250,10,0,318,5.762051382780177
2250,11,0,611,6.415096959171596
2250,12,0,986,6.893656354602635
2250,13,1,1221,7.107425474110705
2250,14,0,1088,6.992096427415888
2250,15,2,1026,6.933423025730715
2250,16,0,939,6.844815479208263
2250,17,0,747,6.616065185132817
2250,18,5,738,6.6039438246004725
2250,19,0,592,6.3835066348840055
2250,20,0,513,6.240275845170769
2250,21,2,526,6.26530121273771
2250,22,2,1059,6.9650803456014065
2250,23,0,1035,6.942156705699469
2251,0,5,913,6.816735880594968
2251,1,3,713,6.569481420414296
2251,2,1,698,6.548219102762372
2251,3,3,514,6.2422232654551655
2251,4,0,252,5.529429087511423
2251,5,2,75,4.31748811353631
2251,6,0,59,4.07753744390572
2251,7,0,24,3.1780538303479458
2251,8,0,50,3.912023005428146
2251,9,0,103,4.634728988229636
2251,10,0,318,5.762051382780177
2251,11,0,611,6.415096959171596
2251,12,1,986,6.893656354602635
2251,13,3,1221,7.107425474110705
2251,14,4,1088,6.992096427415888
2251,15,3,1026,6.933423025730715
2251,16,2,939,6.844815479208263
2251,17,3,747,6.616065185132817
2251,18,3,738,6.6039438246004725
2251,19,2,592,6.3835066348840055
2251,20,3,513,6.240275845170769
2251,21,0,526,6.26530121273771
2251,22,1,1059,6.9650803456014065
2251,23,5,1035,6.942156705699469
2252,0,3,913,6.816735880594968
2252,1,0,713,6.569481420414296
2252,2,7,698,6.548219102762372
2252,3,6,514,6.2422232654551655
2252,4,3,252,5.529429087511423
2252,5,1,75,4.31748811353631
2252,6,0,59,4.07753744390572
2252,7,0,24,3.1780538303479458
2252,8,0,50,3.912023005428146
2252,9,0,103,4.634728988229636
2252,10,0,318,5.762051382780177
2252,11,3,611,6.415096959171596
2252,12,5,986,6.893656354602635
2252,13,8,1221,7.107425474110705
2252,14,5,1088,6.992096427415888
2252,15,6,1026,6.933423025730715
2252,16,2,939,6.844815479208263
2252,17,1,747,6.616065185132817
2252,18,4,738,6.6039438246004725
2252,19,8,592,6.3835066348840055
2252,20,9,513,6.240275845170769
2252,21,4,526,6.26530121273771
2252,22,2,1059,6.9650803456014065
2252,23,5,1035,6.942156705699469
2253,0,7,913,6.816735880594968
2253,1,4,713,6.569481420414296
2253,2,1,698,6.548219102762372
2253,3,0,514,6.2422232654551655
2253,4,0,252,5.529429087511423
2253,5,0,75,4.31748811353631
2253,6,0,59,4.07753744390572
2253,7,0,24,3.1780538303479458
2253,8,0,50,3.912023005428146
2253,9,0,103,4.634728988229636
2253,10,2,318,5.762051382780177
2253,11,0,611,6.415096959171596
2253,12,4,986,6.893656354602635
2253,13,26,1221,7.107425474110705
2253,14,13,1088,6.992096427415888
2253,15,9,1026,6.933423025730715
2253,16,4,939,6.844815479208263
2253,17,4,747,6.616065185132817
2253,18,8,738,6.6039438246004725
2253,19,6,592,6.3835066348840055
2253,20,3,513,6.240275845170769
2253,21,0,526,6.26530121273771
2253,22,2,1059,6.9650803456014065
2253,23,2,1035,6.942156705699469
2254,0,1,913,6.816735880594968
2254,1,1,713,6.569481420414296
2254,2,0,698,6.548219102762372
2254,3,0,514,6.2422232654551655
2254,4,0,252,5.529429087511423
2254,5,0,75,4.31748811353631
2254,6,0,59,4.07753744390572
2254,7,0,24,3.1780538303479458
2254,8,0,50,3.912023005428146
2254,9,2,103,4.634728988229636
2254,10,0,318,5.762051382780177
2254,11,2,611,6.415096959171596
2254,12,3,986,6.893656354602635
2254,13,1,1221,7.107425474110705
2254,14,4,1088,6.992096427415888
2254,15,5,1026,6.933423025730715
2254,16,4,939,6.844815479208263
2254,17,3,747,6.616065185132817
2254,18,5,738,6.6039438246004725
2254,19,3,592,6.3835066348840055
2254,20,3,513,6.240275845170769
2254,21,0,526,6.26530121273771
2254,22,1,1059,6.9650803456014065
2254,23,1,1035,6.942156705699469
2255,0,2,913,6.816735880594968
2255,1,0,713,6.569481420414296
2255,2,1,698,6.548219102762372
2255,3,0,514,6.2422232654551655
2255,4,0,252,5.529429087511423
2255,5,2,75,4.31748811353631
2255,6,0,59,4.07753744390572
2255,7,0,24,3.1780538303479458
2255,8,1,50,3.912023005428146
2255,9,0,103,4.634728988229636
2255,10,3,318,5.762051382780177
2255,11,7,611,6.415096959171596
2255,12,8,986,6.893656354602635
2255,13,10,1221,7.107425474110705
2255,14,5,1088,6.992096427415888
2255,15,8,1026,6.933423025730715
2255,16,8,939,6.844815479208263
2255,17,6,747,6.616065185132817
2255,18,11,738,6.6039438246004725
2255,19,6,592,6.3835066348840055
2255,20,4,513,6.240275845170769
2255,21,4,526,6.26530121273771
2255,22,2,1059,6.9650803456014065
2255,23,7,1035,6.942156705699469
2256,0,10,913,6.816735880594968
2256,1,2,713,6.569481420414296
2256,2,4,698,6.548219102762372
2256,3,0,514,6.2422232654551655
2256,4,0,252,5.529429087511423
2256,5,2,75,4.31748811353631
2256,6,0,59,4.07753744390572
2256,7,0,24,3.1780538303479458
2256,8,0,50,3.912023005428146
2256,9,2,103,4.634728988229636
2256,10,4,318,5.762051382780177
2256,11,8,611,6.415096959171596
2256,12,9,986,6.893656354602635
2256,13,6,1221,7.107425474110705
2256,14,6,1088,6.992096427415888
2256,15,7,1026,6.933423025730715
2256,16,6,939,6.844815479208263
2256,17,6,747,6.616065185132817
2256,18,11,738,6.6039438246004725
2256,19,6,592,6.3835066348840055
2256,20,3,513,6.240275845170769
2256,21,5,526,6.26530121273771
2256,22,14,1059,6.9650803456014065
2256,23,6,1035,6.942156705699469
2257,0,9,913,6.816735880594968
2257,1,9,713,6.569481420414296
2257,2,0,698,6.548219102762372
2257,3,0,514,6.2422232654551655
2257,4,0,252,5.529429087511423
2257,5,0,75,4.31748811353631
2257,6,0,59,4.07753744390572
2257,7,0,24,3.1780538303479458
2257,8,0,50,3.912023005428146
2257,9,1,103,4.634728988229636
2257,10,2,318,5.762051382780177
2257,11,4,611,6.415096959171596
2257,12,5,986,6.893656354602635
2257,13,10,1221,7.107425474110705
2257,14,6,1088,6.992096427415888
2257,15,8,1026,6.933423025730715
2257,16,2,939,6.844815479208263
2257,17,16,747,6.616065185132817
2257,18,11,738,6.6039438246004725
2257,19,8,592,6.3835066348840055
2257,20,4,513,6.240275845170769
2257,21,4,526,6.26530121273771
2257,22,7,1059,6.9650803456014065
2257,23,2,1035,6.942156705699469
2295,0,6,913,6.816735880594968
2295,1,3,713,6.569481420414296
2295,2,0,698,6.548219102762372
2295,3,4,514,6.2422232654551655
2295,4,0,252,5.529429087511423
2295,5,0,75,4.31748811353631
2295,6,0,59,4.07753744390572
2295,7,0,24,3.1780538303479458
2295,8,0,50,3.912023005428146
2295,9,0,103,4.634728988229636
2295,10,0,318,5.762051382780177
2295,11,0,611,6.415096959171596
2295,12,4,986,6.893656354602635
2295,13,1,1221,7.107425474110705
2295,14,3,1088,6.992096427415888
2295,15,2,1026,6.933423025730715
2295,16,7,939,6.844815479208263
2295,17,4,747,6.616065185132817
2295,18,9,738,6.6039438246004725
2295,19,4,592,6.3835066348840055
2295,20,0,513,6.240275845170769
2295,21,1,526,6.26530121273771
2295,22,6,1059,6.9650803456014065
2295,23,7,1035,6.942156705699469
2296,0,1,913,6.816735880594968
2296,1,1,713,6.569481420414296
2296,2,2,698,6.548219102762372
2296,3,0,514,6.2422232654551655
2296,4,0,252,5.529429087511423
2296,5,0,75,4.31748811353631
2296,6,0,59,4.07753744390572
2296,7,0,24,3.1780538303479458
2296,8,0,50,3.912023005428146
2296,9,0,103,4.634728988229636
2296,10,0,318,5.762051382780177
2296,11,5,611,6.415096959171596
2296,12,6,986,6.893656354602635
2296,13,4,1221,7.107425474110705
2296,14,4,1088,6.992096427415888
2296,15,2,1026,6.933423025730715
2296,16,4,939,6.844815479208263
2296,17,2,747,6.616065185132817
2296,18,5,738,6.6039438246004725
2296,19,5,592,6.3835066348840055
2296,20,4,513,6.240275845170769
2296,21,4,526,6.26530121273771
2296,22,15,1059,6.9650803456014065
2296,23,3,1035,6.942156705699469
2297,0,3,913,6.816735880594968
2297,1,0,713,6.569481420414296
2297,2,0,698,6.548219102762372
2297,3,0,514,6.2422232654551655
2297,4,0,252,5.529429087511423
2297,5,0,75,4.31748811353631
2297,6,0,59,4.07753744390572
2297,7,0,24,3.1780538303479458
2297,8,0,50,3.912023005428146
2297,9,0,103,4.634728988229636
2297,10,0,318,5.762051382780177
2297,11,3,611,6.415096959171596
2297,12,5,986,6.893656354602635
2297,13,3,1221,7.107425474110705
2297,14,0,1088,6.992096427415888
2297,15,4,1026,6.933423025730715
2297,16,2,939,6.844815479208263
2297,17,7,747,6.616065185132817
2297,18,3,738,6.6039438246004725
2297,19,5,592,6.3835066348840055
2297,20,2,513,6.240275845170769
2297,21,2,526,6.26530121273771
2297,22,1,1059,6.9650803456014065
2297,23,0,1035,6.942156705699469
2298,0,3,913,6.816735880594968
2298,1,1,713,6.569481420414296
2298,2,1,698,6.548219102762372
2298,3,0,514,6.2422232654551655
2298,4,0,252,5.529429087511423
2298,5,0,75,4.31748811353631
2298,6,0,59,4.07753744390572
2298,7,0,24,3.1780538303479458
2298,8,0,50,3.912023005428146
2298,9,1,103,4.634728988229636
2298,10,0,318,5.762051382780177
2298,11,6,611,6.415096959171596
2298,12,5,986,6.893656354602635
2298,13,10,1221,7.107425474110705
2298,14,7,1088,6.992096427415888
2298,15,3,1026,6.933423025730715
2298,16,9,939,6.844815479208263
2298,17,15,747,6.616065185132817
2298,18,14,738,6.6039438246004725
2298,19,5,592,6.3835066348840055
2298,20,1,513,6.240275845170769
2298,21,2,526,6.26530121273771
2298,22,3,1059,6.9650803456014065
2298,23,0,1035,6.942156705699469
2316,0,3,913,6.816735880594968
2316,1,3,713,6.569481420414296
2316,2,0,698,6.548219102762372
2316,3,1,514,6.2422232654551655
2316,4,0,252,5.529429087511423
2316,5,0,75,4.31748811353631
2316,6,0,59,4.07753744390572
2316,7,0,24,3.1780538303479458
2316,8,0,50,3.912023005428146
2316,9,1,103,4.634728988229636
2316,10,1,318,5.762051382780177
2316,11,1,611,6.415096959171596
2316,12,3,986,6.893656354602635
2316,13,3,1221,7.107425474110705
2316,14,2,1088,6.992096427415888
2316,15,3,1026,6.933423025730715
2316,16,5,939,6.844815479208263
2316,17,2,747,6.616065185132817
2316,18,2,738,6.6039438246004725
2316,19,8,592,6.3835066348840055
2316,20,10,513,6.240275845170769
2316,21,1,526,6.26530121273771
2316,22,2,1059,6.9650803456014065
2316,23,4,1035,6.942156705699469
2317,0,0,913,6.816735880594968
2317,1,0,713,6.569481420414296
2317,2,0,698,6.548219102762372
2317,3,1,514,6.2422232654551655
2317,4,0,252,5.529429087511423
2317,5,0,75,4.31748811353631
2317,6,0,59,4.07753744390572
2317,7,0,24,3.1780538303479458
2317,8,0,50,3.912023005428146
2317,9,0,103,4.634728988229636
2317,10,0,318,5.762051382780177
2317,11,0,611,6.415096959171596
2317,12,0,986,6.893656354602635
2317,13,0,1221,7.107425474110705
2317,14,1,1088,6.992096427415888
2317,15,0,1026,6.933423025730715
2317,16,0,939,6.844815479208263
2317,17,2,747,6.616065185132817
2317,18,0,738,6.6039438246004725
2317,19,0,592,6.3835066348840055
2317,20,1,513,6.240275845170769
2317,21,0,526,6.26530121273771
2317,22,0,1059,6.9650803456014065
2317,23,0,1035,6.942156705699469
2318,0,0,913,6.816735880594968
2318,1,0,713,6.569481420414296
2318,2,0,698,6.548219102762372
2318,3,0,514,6.2422232654551655
2318,4,0,252,5.529429087511423
2318,5,0,75,4.31748811353631
2318,6,0,59,4.07753744390572
2318,7,0,24,3.1780538303479458
2318,8,0,50,3.912023005428146
2318,9,1,103,4.634728988229636
2318,10,1,318,5.762051382780177
2318,11,0,611,6.415096959171596
2318,12,1,986,6.893656354602635
2318,13,0,1221,7.107425474110705
2318,14,0,1088,6.992096427415888
2318,15,1,1026,6.933423025730715
2318,16,1,939,6.844815479208263
2318,17,0,747,6.616065185132817
2318,18,1,738,6.6039438246004725
2318,19,1,592,6.3835066348840055
2318,20,1,513,6.240275845170769
2318,21,2,526,6.26530121273771
2318,22,1,1059,6.9650803456014065
2318,23,1,1035,6.942156705699469
6060,0,3,913,6.816735880594968
6060,1,9,713,6.569481420414296
6060,2,1,698,6.548219102762372
6060,3,2,514,6.2422232654551655
6060,4,0,252,5.529429087511423
6060,5,0,75,4.31748811353631
6060,6,0,59,4.07753744390572
6060,7,0,24,3.1780538303479458
6060,8,1,50,3.912023005428146
6060,9,6,103,4.634728988229636
6060,10,6,318,5.762051382780177
6060,11,8,611,6.415096959171596
6060,12,14,986,6.893656354602635
6060,13,16,1221,7.107425474110705
6060,14,16,1088,6.992096427415888
6060,15,11,1026,6.933423025730715
6060,16,17,939,6.844815479208263
6060,17,16,747,6.616065185132817
6060,18,17,738,6.6039438246004725
6060,19,8,592,6.3835066348840055
6060,20,1,513,6.240275845170769
6060,21,6,526,6.26530121273771
6060,22,6,1059,6.9650803456014065
6060,23,3,1035,6.942156705699469
